[;;
;{;
;;"""issi"": 22123,"
;;"""fuente"": ""subgerencia"","
;;"""informacion"": {}"
;},;
;{;
;;"""issi"": 22124,"
;;"""fuente"": ""subgerencia"","
;;"""informacion"": {}"
;},;
;{;
;;"""issi"": 22125,"
;;"""fuente"": ""subgerencia"","
;;"""informacion"": {}"
;},;
;{;
;;"""issi"": 22126,"
;;"""fuente"": ""subgerencia"","
;;"""informacion"": {}"
;},;
;{;
;;"""issi"": 22127,"
;;"""fuente"": ""subgerencia"","
;;"""informacion"": {}"
;},;
;{;
;;"""issi"": 22128,"
;;"""fuente"": ""subgerencia"","
;;"""informacion"": {}"
;},;
;{;
;;"""issi"": 22129,"
;;"""fuente"": ""subgerencia"","
;;"""informacion"": {}"
;},;
;{;
;;"""issi"": 22131,"
;;"""fuente"": ""subgerencia"","
;;"""informacion"": {}"
;},;
;{;
;;"""issi"": 22174,"
;;"""fuente"": ""subgerencia"","
;;"""informacion"": {}"
;},;
;{;
;;"""issi"": 22189,"
;;"""fuente"": ""subgerencia"","
;;"""informacion"": {}"
;},;
;{;
;;"""issi"": 22190,"
;;"""fuente"": ""subgerencia"","
;;"""informacion"": {}"
;},;
;{;
;;"""issi"": 22191,"
;;"""fuente"": ""subgerencia"","
;;"""informacion"": {}"
;},;
;{;
;;"""issi"": 22192,"
;;"""fuente"": ""subgerencia"","
;;"""informacion"": {}"
;},;
;{;
;;"""issi"": 22193,"
;;"""fuente"": ""subgerencia"","
;;"""informacion"": {}"
;},;
;{;
;;"""issi"": 22194,"
;;"""fuente"": ""subgerencia"","
;;"""informacion"": {}"
;},;
;{;
;;"""issi"": 22195,"
;;"""fuente"": ""subgerencia"","
;;"""informacion"": {}"
;},;
;{;
;;"""issi"": 22196,"
;;"""fuente"": ""subgerencia"","
;;"""informacion"": {}"
;},;
;{;
;;"""issi"": 22197,"
;;"""fuente"": ""subgerencia"","
;;"""informacion"": {}"
;},;
;{;
;;"""issi"": 22198,"
;;"""fuente"": ""subgerencia"","
;;"""informacion"": {}"
;},;
;{;
;;"""issi"": 22262,"
;;"""fuente"": ""subgerencia"","
;;"""informacion"": {}"
;},;
;{;
;;"""issi"": 22272,"
;;"""fuente"": ""subgerencia"","
;;"""informacion"": {}"
;},;
;{;
;;"""issi"": 22273,"
;;"""fuente"": ""subgerencia"","
;;"""informacion"": {}"
;},;
;{;
;;"""issi"": 22276,"
;;"""fuente"": ""subgerencia"","
;;"""informacion"": {}"
;},;
;{;
;;"""issi"": 22280,"
;;"""fuente"": ""subgerencia"","
;;"""informacion"": {}"
;},;
;{;
;;"""issi"": 22281,"
;;"""fuente"": ""subgerencia"","
;;"""informacion"": {}"
;},;
;{;
;;"""issi"": 22282,"
;;"""fuente"": ""subgerencia"","
;;"""informacion"": {}"
;},;
;{;
;;"""issi"": 22285,"
;;"""fuente"": ""subgerencia"","
;;"""informacion"": {}"
;},;
;{;
;;"""issi"": 22286,"
;;"""fuente"": ""subgerencia"","
;;"""informacion"": {}"
;},;
;{;
;;"""issi"": 22287,"
;;"""fuente"": ""subgerencia"","
;;"""informacion"": {}"
;},;
;{;
;;"""issi"": 22288,"
;;"""fuente"": ""subgerencia"","
;;"""informacion"": {}"
;},;
;{;
;;"""issi"": 22289,"
;;"""fuente"": ""subgerencia"","
;;"""informacion"": {}"
;},;
;{;
;;"""issi"": 22290,"
;;"""fuente"": ""subgerencia"","
;;"""informacion"": {}"
;},;
;{;
;;"""issi"": 22291,"
;;"""fuente"": ""subgerencia"","
;;"""informacion"": {}"
;},;
;{;
;;"""issi"": 22292,"
;;"""fuente"": ""subgerencia"","
;;"""informacion"": {}"
;},;
;{;
;;"""issi"": 22293,"
;;"""fuente"": ""subgerencia"","
;;"""informacion"": {}"
;},;
;{;
;;"""issi"": 22294,"
;;"""fuente"": ""subgerencia"","
;;"""informacion"": {}"
;},;
;{;
;;"""issi"": 22295,"
;;"""fuente"": ""subgerencia"","
;;"""informacion"": {}"
;},;
;{;
;;"""issi"": 22296,"
;;"""fuente"": ""subgerencia"","
;;"""informacion"": {}"
;},;
;{;
;;"""issi"": 22297,"
;;"""fuente"": ""subgerencia"","
;;"""informacion"": {}"
;},;
;{;
;;"""issi"": 22298,"
;;"""fuente"": ""subgerencia"","
;;"""informacion"": {}"
;},;
;{;
;;"""issi"": 22299,"
;;"""fuente"": ""subgerencia"","
;;"""informacion"": {}"
;},;
;{;
;;"""issi"": 22300,"
;;"""fuente"": ""subgerencia"","
;;"""informacion"": {}"
;},;
;{;
;;"""issi"": 22301,"
;;"""fuente"": ""subgerencia"","
;;"""informacion"": {}"
;},;
;{;
;;"""issi"": 22302,"
;;"""fuente"": ""subgerencia"","
;;"""informacion"": {}"
;},;
;{;
;;"""issi"": 22303,"
;;"""fuente"": ""subgerencia"","
;;"""informacion"": {}"
;},;
;{;
;;"""issi"": 22304,"
;;"""fuente"": ""subgerencia"","
;;"""informacion"": {}"
;},;
;{;
;;"""issi"": 22305,"
;;"""fuente"": ""subgerencia"","
;;"""informacion"": {}"
;},;
;{;
;;"""issi"": 22306,"
;;"""fuente"": ""subgerencia"","
;;"""informacion"": {}"
;},;
;{;
;;"""issi"": 22307,"
;;"""fuente"": ""subgerencia"","
;;"""informacion"": {}"
;},;
;{;
;;"""issi"": 22308,"
;;"""fuente"": ""subgerencia"","
;;"""informacion"": {}"
;},;
;{;
;;"""issi"": 22309,"
;;"""fuente"": ""subgerencia"","
;;"""informacion"": {}"
;},;
;{;
;;"""issi"": 22310,"
;;"""fuente"": ""subgerencia"","
;;"""informacion"": {}"
;},;
;{;
;;"""issi"": 22311,"
;;"""fuente"": ""subgerencia"","
;;"""informacion"": {}"
;},;
;{;
;;"""issi"": 22312,"
;;"""fuente"": ""subgerencia"","
;;"""informacion"": {}"
;},;
;{;
;;"""issi"": 22313,"
;;"""fuente"": ""subgerencia"","
;;"""informacion"": {}"
;},;
;{;
;;"""issi"": 22314,"
;;"""fuente"": ""subgerencia"","
;;"""informacion"": {}"
;},;
;{;
;;"""issi"": 22315,"
;;"""fuente"": ""subgerencia"","
;;"""informacion"": {}"
;},;
;{;
;;"""issi"": 22316,"
;;"""fuente"": ""subgerencia"","
;;"""informacion"": {}"
;},;
;{;
;;"""issi"": 22317,"
;;"""fuente"": ""subgerencia"","
;;"""informacion"": {}"
;},;
;{;
;;"""issi"": 22318,"
;;"""fuente"": ""subgerencia"","
;;"""informacion"": {}"
;},;
;{;
;;"""issi"": 22319,"
;;"""fuente"": ""subgerencia"","
;;"""informacion"": {}"
;},;
;{;
;;"""issi"": 22320,"
;;"""fuente"": ""subgerencia"","
;;"""informacion"": {}"
;},;
;{;
;;"""issi"": 22321,"
;;"""fuente"": ""subgerencia"","
;;"""informacion"": {}"
;},;
;{;
;;"""issi"": 22322,"
;;"""fuente"": ""subgerencia"","
;;"""informacion"": {}"
;},;
;{;
;;"""issi"": 22323,"
;;"""fuente"": ""subgerencia"","
;;"""informacion"": {}"
;},;
;{;
;;"""issi"": 22324,"
;;"""fuente"": ""subgerencia"","
;;"""informacion"": {}"
;},;
;{;
;;"""issi"": 22325,"
;;"""fuente"": ""subgerencia"","
;;"""informacion"": {}"
;},;
;{;
;;"""issi"": 22326,"
;;"""fuente"": ""subgerencia"","
;;"""informacion"": {}"
;},;
;{;
;;"""issi"": 22327,"
;;"""fuente"": ""subgerencia"","
;;"""informacion"": {}"
;},;
;{;
;;"""issi"": 22328,"
;;"""fuente"": ""subgerencia"","
;;"""informacion"": {}"
;},;
;{;
;;"""issi"": 22329,"
;;"""fuente"": ""subgerencia"","
;;"""informacion"": {}"
;},;
;{;
;;"""issi"": 22330,"
;;"""fuente"": ""subgerencia"","
;;"""informacion"": {}"
;},;
;{;
;;"""issi"": 22331,"
;;"""fuente"": ""subgerencia"","
;;"""informacion"": {}"
;},;
;{;
;;"""issi"": 22332,"
;;"""fuente"": ""subgerencia"","
;;"""informacion"": {}"
;},;
;{;
;;"""issi"": 22333,"
;;"""fuente"": ""subgerencia"","
;;"""informacion"": {}"
;},;
;{;
;;"""issi"": 22334,"
;;"""fuente"": ""subgerencia"","
;;"""informacion"": {}"
;},;
;{;
;;"""issi"": 22335,"
;;"""fuente"": ""subgerencia"","
;;"""informacion"": {}"
;},;
;{;
;;"""issi"": 22336,"
;;"""fuente"": ""subgerencia"","
;;"""informacion"": {}"
;},;
;{;
;;"""issi"": 22337,"
;;"""fuente"": ""subgerencia"","
;;"""informacion"": {}"
;},;
;{;
;;"""issi"": 22338,"
;;"""fuente"": ""subgerencia"","
;;"""informacion"": {}"
;},;
;{;
;;"""issi"": 22339,"
;;"""fuente"": ""subgerencia"","
;;"""informacion"": {}"
;},;
;{;
;;"""issi"": 22340,"
;;"""fuente"": ""subgerencia"","
;;"""informacion"": {}"
;},;
;{;
;;"""issi"": 22341,"
;;"""fuente"": ""subgerencia"","
;;"""informacion"": {}"
;},;
;{;
;;"""issi"": 22342,"
;;"""fuente"": ""subgerencia"","
;;"""informacion"": {}"
;},;
;{;
;;"""issi"": 22343,"
;;"""fuente"": ""subgerencia"","
;;"""informacion"": {}"
;},;
;{;
;;"""issi"": 22344,"
;;"""fuente"": ""subgerencia"","
;;"""informacion"": {}"
;},;
;{;
;;"""issi"": 22345,"
;;"""fuente"": ""subgerencia"","
;;"""informacion"": {}"
;},;
;{;
;;"""issi"": 22346,"
;;"""fuente"": ""subgerencia"","
;;"""informacion"": {}"
;},;
;{;
;;"""issi"": 22347,"
;;"""fuente"": ""subgerencia"","
;;"""informacion"": {}"
;},;
;{;
;;"""issi"": 22348,"
;;"""fuente"": ""subgerencia"","
;;"""informacion"": {}"
;},;
;{;
;;"""issi"": 22349,"
;;"""fuente"": ""subgerencia"","
;;"""informacion"": {}"
;},;
;{;
;;"""issi"": 22350,"
;;"""fuente"": ""subgerencia"","
;;"""informacion"": {}"
;},;
;{;
;;"""issi"": 22351,"
;;"""fuente"": ""subgerencia"","
;;"""informacion"": {}"
;},;
;{;
;;"""issi"": 22352,"
;;"""fuente"": ""subgerencia"","
;;"""informacion"": {}"
;},;
;{;
;;"""issi"": 22353,"
;;"""fuente"": ""subgerencia"","
;;"""informacion"": {}"
;},;
;{;
;;"""issi"": 22354,"
;;"""fuente"": ""subgerencia"","
;;"""informacion"": {}"
;},;
;{;
;;"""issi"": 22355,"
;;"""fuente"": ""subgerencia"","
;;"""informacion"": {}"
;},;
;{;
;;"""issi"": 22356,"
;;"""fuente"": ""subgerencia"","
;;"""informacion"": {}"
;},;
;{;
;;"""issi"": 22357,"
;;"""fuente"": ""subgerencia"","
;;"""informacion"": {}"
;},;
;{;
;;"""issi"": 22358,"
;;"""fuente"": ""subgerencia"","
;;"""informacion"": {}"
;},;
;{;
;;"""issi"": 22359,"
;;"""fuente"": ""subgerencia"","
;;"""informacion"": {}"
;},;
;{;
;;"""issi"": 22360,"
;;"""fuente"": ""subgerencia"","
;;"""informacion"": {}"
;},;
;{;
;;"""issi"": 22361,"
;;"""fuente"": ""subgerencia"","
;;"""informacion"": {}"
;},;
;{;
;;"""issi"": 22362,"
;;"""fuente"": ""subgerencia"","
;;"""informacion"": {}"
;},;
;{;
;;"""issi"": 22363,"
;;"""fuente"": ""subgerencia"","
;;"""informacion"": {}"
;},;
;{;
;;"""issi"": 22364,"
;;"""fuente"": ""subgerencia"","
;;"""informacion"": {}"
;},;
;{;
;;"""issi"": 22365,"
;;"""fuente"": ""subgerencia"","
;;"""informacion"": {}"
;},;
;{;
;;"""issi"": 22366,"
;;"""fuente"": ""subgerencia"","
;;"""informacion"": {}"
;},;
;{;
;;"""issi"": 22367,"
;;"""fuente"": ""subgerencia"","
;;"""informacion"": {}"
;},;
;{;
;;"""issi"": 22368,"
;;"""fuente"": ""subgerencia"","
;;"""informacion"": {}"
;},;
;{;
;;"""issi"": 22369,"
;;"""fuente"": ""subgerencia"","
;;"""informacion"": {}"
;},;
;{;
;;"""issi"": 22370,"
;;"""fuente"": ""subgerencia"","
;;"""informacion"": {}"
;},;
;{;
;;"""issi"": 22371,"
;;"""fuente"": ""subgerencia"","
;;"""informacion"": {}"
;},;
;{;
;;"""issi"": 22372,"
;;"""fuente"": ""subgerencia"","
;;"""informacion"": {}"
;},;
;{;
;;"""issi"": 22373,"
;;"""fuente"": ""subgerencia"","
;;"""informacion"": {}"
;},;
;{;
;;"""issi"": 22374,"
;;"""fuente"": ""subgerencia"","
;;"""informacion"": {}"
;},;
;{;
;;"""issi"": 22375,"
;;"""fuente"": ""subgerencia"","
;;"""informacion"": {}"
;},;
;{;
;;"""issi"": 22376,"
;;"""fuente"": ""subgerencia"","
;;"""informacion"": {}"
;},;
;{;
;;"""issi"": 22377,"
;;"""fuente"": ""subgerencia"","
;;"""informacion"": {}"
;},;
;{;
;;"""issi"": 22378,"
;;"""fuente"": ""subgerencia"","
;;"""informacion"": {}"
;},;
;{;
;;"""issi"": 22379,"
;;"""fuente"": ""subgerencia"","
;;"""informacion"": {}"
;},;
;{;
;;"""issi"": 22380,"
;;"""fuente"": ""subgerencia"","
;;"""informacion"": {}"
;},;
;{;
;;"""issi"": 22381,"
;;"""fuente"": ""subgerencia"","
;;"""informacion"": {}"
;},;
;{;
;;"""issi"": 22382,"
;;"""fuente"": ""subgerencia"","
;;"""informacion"": {}"
;},;
;{;
;;"""issi"": 22383,"
;;"""fuente"": ""subgerencia"","
;;"""informacion"": {}"
;},;
;{;
;;"""issi"": 22384,"
;;"""fuente"": ""subgerencia"","
;;"""informacion"": {}"
;},;
;{;
;;"""issi"": 22385,"
;;"""fuente"": ""subgerencia"","
;;"""informacion"": {}"
;},;
;{;
;;"""issi"": 22386,"
;;"""fuente"": ""subgerencia"","
;;"""informacion"": {}"
;},;
;{;
;;"""issi"": 22387,"
;;"""fuente"": ""subgerencia"","
;;"""informacion"": {}"
;},;
;{;
;;"""issi"": 22388,"
;;"""fuente"": ""subgerencia"","
;;"""informacion"": {}"
;},;
;{;
;;"""issi"": 22389,"
;;"""fuente"": ""subgerencia"","
;;"""informacion"": {}"
;},;
;{;
;;"""issi"": 22390,"
;;"""fuente"": ""subgerencia"","
;;"""informacion"": {}"
;},;
;{;
;;"""issi"": 22391,"
;;"""fuente"": ""subgerencia"","
;;"""informacion"": {}"
;},;
;{;
;;"""issi"": 22392,"
;;"""fuente"": ""subgerencia"","
;;"""informacion"": {}"
;},;
;{;
;;"""issi"": 22393,"
;;"""fuente"": ""subgerencia"","
;;"""informacion"": {}"
;},;
;{;
;;"""issi"": 22394,"
;;"""fuente"": ""subgerencia"","
;;"""informacion"": {}"
;},;
;{;
;;"""issi"": 22395,"
;;"""fuente"": ""subgerencia"","
;;"""informacion"": {}"
;},;
;{;
;;"""issi"": 22396,"
;;"""fuente"": ""subgerencia"","
;;"""informacion"": {}"
;},;
;{;
;;"""issi"": 22397,"
;;"""fuente"": ""subgerencia"","
;;"""informacion"": {}"
;},;
;{;
;;"""issi"": 22399,"
;;"""fuente"": ""subgerencia"","
;;"""informacion"": {}"
;},;
;{;
;;"""issi"": 22400,"
;;"""fuente"": ""subgerencia"","
;;"""informacion"": {}"
;},;
;{;
;;"""issi"": 22401,"
;;"""fuente"": ""subgerencia"","
;;"""informacion"": {}"
;},;
;{;
;;"""issi"": 22402,"
;;"""fuente"": ""subgerencia"","
;;"""informacion"": {}"
;},;
;{;
;;"""issi"": 22403,"
;;"""fuente"": ""subgerencia"","
;;"""informacion"": {}"
;},;
;{;
;;"""issi"": 22404,"
;;"""fuente"": ""subgerencia"","
;;"""informacion"": {}"
;},;
;{;
;;"""issi"": 22405,"
;;"""fuente"": ""subgerencia"","
;;"""informacion"": {}"
;},;
;{;
;;"""issi"": 22406,"
;;"""fuente"": ""subgerencia"","
;;"""informacion"": {}"
;},;
;{;
;;"""issi"": 22407,"
;;"""fuente"": ""subgerencia"","
;;"""informacion"": {}"
;},;
;{;
;;"""issi"": 22408,"
;;"""fuente"": ""subgerencia"","
;;"""informacion"": {}"
;},;
;{;
;;"""issi"": 22409,"
;;"""fuente"": ""subgerencia"","
;;"""informacion"": {}"
;},;
;{;
;;"""issi"": 22410,"
;;"""fuente"": ""subgerencia"","
;;"""informacion"": {}"
;},;
;{;
;;"""issi"": 22411,"
;;"""fuente"": ""subgerencia"","
;;"""informacion"": {}"
;},;
;{;
;;"""issi"": 22412,"
;;"""fuente"": ""subgerencia"","
;;"""informacion"": {}"
;},;
;{;
;;"""issi"": 22413,"
;;"""fuente"": ""subgerencia"","
;;"""informacion"": {}"
;},;
;{;
;;"""issi"": 22414,"
;;"""fuente"": ""subgerencia"","
;;"""informacion"": {}"
;},;
;{;
;;"""issi"": 22415,"
;;"""fuente"": ""subgerencia"","
;;"""informacion"": {}"
;},;
;{;
;;"""issi"": 22416,"
;;"""fuente"": ""subgerencia"","
;;"""informacion"": {}"
;},;
;{;
;;"""issi"": 22417,"
;;"""fuente"": ""subgerencia"","
;;"""informacion"": {}"
;},;
;{;
;;"""issi"": 22418,"
;;"""fuente"": ""subgerencia"","
;;"""informacion"": {}"
;},;
;{;
;;"""issi"": 22419,"
;;"""fuente"": ""subgerencia"","
;;"""informacion"": {}"
;},;
;{;
;;"""issi"": 22420,"
;;"""fuente"": ""subgerencia"","
;;"""informacion"": {}"
;},;
;{;
;;"""issi"": 22421,"
;;"""fuente"": ""subgerencia"","
;;"""informacion"": {}"
;},;
;{;
;;"""issi"": 22422,"
;;"""fuente"": ""subgerencia"","
;;"""informacion"": {}"
;},;
;{;
;;"""issi"": 22423,"
;;"""fuente"": ""subgerencia"","
;;"""informacion"": {}"
;},;
;{;
;;"""issi"": 22424,"
;;"""fuente"": ""subgerencia"","
;;"""informacion"": {}"
;},;
;{;
;;"""issi"": 22425,"
;;"""fuente"": ""subgerencia"","
;;"""informacion"": {}"
;},;
;{;
;;"""issi"": 22426,"
;;"""fuente"": ""subgerencia"","
;;"""informacion"": {}"
;},;
;{;
;;"""issi"": 22427,"
;;"""fuente"": ""subgerencia"","
;;"""informacion"": {}"
;},;
;{;
;;"""issi"": 22428,"
;;"""fuente"": ""subgerencia"","
;;"""informacion"": {}"
;},;
;{;
;;"""issi"": 22429,"
;;"""fuente"": ""subgerencia"","
;;"""informacion"": {}"
;},;
;{;
;;"""issi"": 22430,"
;;"""fuente"": ""subgerencia"","
;;"""informacion"": {}"
;},;
;{;
;;"""issi"": 22431,"
;;"""fuente"": ""subgerencia"","
;;"""informacion"": {}"
;},;
;{;
;;"""issi"": 22432,"
;;"""fuente"": ""subgerencia"","
;;"""informacion"": {}"
;},;
;{;
;;"""issi"": 22433,"
;;"""fuente"": ""subgerencia"","
;;"""informacion"": {}"
;},;
;{;
;;"""issi"": 22434,"
;;"""fuente"": ""subgerencia"","
;;"""informacion"": {}"
;},;
;{;
;;"""issi"": 22435,"
;;"""fuente"": ""subgerencia"","
;;"""informacion"": {}"
;},;
;{;
;;"""issi"": 22436,"
;;"""fuente"": ""subgerencia"","
;;"""informacion"": {}"
;},;
;{;
;;"""issi"": 22437,"
;;"""fuente"": ""subgerencia"","
;;"""informacion"": {}"
;},;
;{;
;;"""issi"": 22438,"
;;"""fuente"": ""subgerencia"","
;;"""informacion"": {}"
;},;
;{;
;;"""issi"": 22439,"
;;"""fuente"": ""subgerencia"","
;;"""informacion"": {}"
;},;
;{;
;;"""issi"": 22440,"
;;"""fuente"": ""subgerencia"","
;;"""informacion"": {}"
;},;
;{;
;;"""issi"": 22441,"
;;"""fuente"": ""subgerencia"","
;;"""informacion"": {}"
;},;
;{;
;;"""issi"": 22442,"
;;"""fuente"": ""subgerencia"","
;;"""informacion"": {}"
;},;
;{;
;;"""issi"": 22443,"
;;"""fuente"": ""subgerencia"","
;;"""informacion"": {}"
;},;
;{;
;;"""issi"": 22444,"
;;"""fuente"": ""subgerencia"","
;;"""informacion"": {}"
;},;
;{;
;;"""issi"": 22445,"
;;"""fuente"": ""subgerencia"","
;;"""informacion"": {}"
;},;
;{;
;;"""issi"": 22446,"
;;"""fuente"": ""subgerencia"","
;;"""informacion"": {}"
;},;
;{;
;;"""issi"": 22447,"
;;"""fuente"": ""subgerencia"","
;;"""informacion"": {}"
;},;
;{;
;;"""issi"": 22448,"
;;"""fuente"": ""subgerencia"","
;;"""informacion"": {}"
;},;
;{;
;;"""issi"": 22449,"
;;"""fuente"": ""subgerencia"","
;;"""informacion"": {}"
;},;
;{;
;;"""issi"": 22450,"
;;"""fuente"": ""subgerencia"","
;;"""informacion"": {}"
;},;
;{;
;;"""issi"": 22451,"
;;"""fuente"": ""subgerencia"","
;;"""informacion"": {}"
;},;
;{;
;;"""issi"": 22452,"
;;"""fuente"": ""subgerencia"","
;;"""informacion"": {}"
;},;
;{;
;;"""issi"": 22453,"
;;"""fuente"": ""subgerencia"","
;;"""informacion"": {}"
;},;
;{;
;;"""issi"": 22454,"
;;"""fuente"": ""subgerencia"","
;;"""informacion"": {}"
;},;
;{;
;;"""issi"": 22455,"
;;"""fuente"": ""subgerencia"","
;;"""informacion"": {}"
;},;
;{;
;;"""issi"": 22456,"
;;"""fuente"": ""subgerencia"","
;;"""informacion"": {}"
;},;
;{;
;;"""issi"": 22457,"
;;"""fuente"": ""subgerencia"","
;;"""informacion"": {}"
;},;
;{;
;;"""issi"": 22458,"
;;"""fuente"": ""subgerencia"","
;;"""informacion"": {}"
;},;
;{;
;;"""issi"": 22459,"
;;"""fuente"": ""subgerencia"","
;;"""informacion"": {}"
;},;
;{;
;;"""issi"": 22460,"
;;"""fuente"": ""subgerencia"","
;;"""informacion"": {}"
;},;
;{;
;;"""issi"": 22461,"
;;"""fuente"": ""subgerencia"","
;;"""informacion"": {}"
;},;
;{;
;;"""issi"": 22462,"
;;"""fuente"": ""subgerencia"","
;;"""informacion"": {}"
;},;
;{;
;;"""issi"": 22463,"
;;"""fuente"": ""subgerencia"","
;;"""informacion"": {}"
;},;
;{;
;;"""issi"": 22464,"
;;"""fuente"": ""subgerencia"","
;;"""informacion"": {}"
;},;
;{;
;;"""issi"": 22465,"
;;"""fuente"": ""subgerencia"","
;;"""informacion"": {}"
;},;
;{;
;;"""issi"": 22466,"
;;"""fuente"": ""subgerencia"","
;;"""informacion"": {}"
;},;
;{;
;;"""issi"": 22467,"
;;"""fuente"": ""subgerencia"","
;;"""informacion"": {}"
;},;
;{;
;;"""issi"": 22468,"
;;"""fuente"": ""subgerencia"","
;;"""informacion"": {}"
;},;
;{;
;;"""issi"": 22469,"
;;"""fuente"": ""subgerencia"","
;;"""informacion"": {}"
;},;
;{;
;;"""issi"": 22470,"
;;"""fuente"": ""subgerencia"","
;;"""informacion"": {}"
;},;
;{;
;;"""issi"": 22471,"
;;"""fuente"": ""subgerencia"","
;;"""informacion"": {}"
;},;
;{;
;;"""issi"": 22472,"
;;"""fuente"": ""subgerencia"","
;;"""informacion"": {}"
;},;
;{;
;;"""issi"": 22473,"
;;"""fuente"": ""subgerencia"","
;;"""informacion"": {}"
;},;
;{;
;;"""issi"": 22474,"
;;"""fuente"": ""subgerencia"","
;;"""informacion"": {}"
;},;
;{;
;;"""issi"": 22475,"
;;"""fuente"": ""subgerencia"","
;;"""informacion"": {}"
;},;
;{;
;;"""issi"": 22476,"
;;"""fuente"": ""subgerencia"","
;;"""informacion"": {}"
;},;
;{;
;;"""issi"": 22477,"
;;"""fuente"": ""subgerencia"","
;;"""informacion"": {}"
;},;
;{;
;;"""issi"": 22478,"
;;"""fuente"": ""subgerencia"","
;;"""informacion"": {}"
;},;
;{;
;;"""issi"": 22479,"
;;"""fuente"": ""subgerencia"","
;;"""informacion"": {}"
;},;
;{;
;;"""issi"": 22480,"
;;"""fuente"": ""subgerencia"","
;;"""informacion"": {}"
;},;
;{;
;;"""issi"": 22481,"
;;"""fuente"": ""subgerencia"","
;;"""informacion"": {}"
;},;
;{;
;;"""issi"": 22482,"
;;"""fuente"": ""subgerencia"","
;;"""informacion"": {}"
;},;
;{;
;;"""issi"": 22483,"
;;"""fuente"": ""subgerencia"","
;;"""informacion"": {}"
;},;
;{;
;;"""issi"": 22484,"
;;"""fuente"": ""subgerencia"","
;;"""informacion"": {}"
;},;
;{;
;;"""issi"": 22485,"
;;"""fuente"": ""subgerencia"","
;;"""informacion"": {}"
;},;
;{;
;;"""issi"": 22486,"
;;"""fuente"": ""subgerencia"","
;;"""informacion"": {}"
;},;
;{;
;;"""issi"": 22487,"
;;"""fuente"": ""subgerencia"","
;;"""informacion"": {}"
;},;
;{;
;;"""issi"": 22488,"
;;"""fuente"": ""subgerencia"","
;;"""informacion"": {}"
;},;
;{;
;;"""issi"": 22489,"
;;"""fuente"": ""subgerencia"","
;;"""informacion"": {}"
;},;
;{;
;;"""issi"": 22490,"
;;"""fuente"": ""subgerencia"","
;;"""informacion"": {}"
;},;
;{;
;;"""issi"": 22491,"
;;"""fuente"": ""subgerencia"","
;;"""informacion"": {}"
;},;
;{;
;;"""issi"": 22492,"
;;"""fuente"": ""subgerencia"","
;;"""informacion"": {}"
;},;
;{;
;;"""issi"": 22493,"
;;"""fuente"": ""subgerencia"","
;;"""informacion"": {}"
;},;
;{;
;;"""issi"": 22494,"
;;"""fuente"": ""subgerencia"","
;;"""informacion"": {}"
;},;
;{;
;;"""issi"": 22495,"
;;"""fuente"": ""subgerencia"","
;;"""informacion"": {}"
;},;
;{;
;;"""issi"": 22496,"
;;"""fuente"": ""subgerencia"","
;;"""informacion"": {}"
;},;
;{;
;;"""issi"": 22497,"
;;"""fuente"": ""subgerencia"","
;;"""informacion"": {}"
;},;
;{;
;;"""issi"": 22498,"
;;"""fuente"": ""subgerencia"","
;;"""informacion"": {}"
;},;
;{;
;;"""issi"": 22499,"
;;"""fuente"": ""subgerencia"","
;;"""informacion"": {}"
;},;
;{;
;;"""issi"": 22500,"
;;"""fuente"": ""subgerencia"","
;;"""informacion"": {}"
;},;
;{;
;;"""issi"": 22501,"
;;"""fuente"": ""subgerencia"","
;;"""informacion"": {}"
;},;
;{;
;;"""issi"": 22502,"
;;"""fuente"": ""subgerencia"","
;;"""informacion"": {}"
;},;
;{;
;;"""issi"": 22503,"
;;"""fuente"": ""subgerencia"","
;;"""informacion"": {}"
;},;
;{;
;;"""issi"": 22504,"
;;"""fuente"": ""subgerencia"","
;;"""informacion"": {}"
;},;
;{;
;;"""issi"": 22505,"
;;"""fuente"": ""subgerencia"","
;;"""informacion"": {}"
;},;
;{;
;;"""issi"": 22506,"
;;"""fuente"": ""subgerencia"","
;;"""informacion"": {}"
;},;
;{;
;;"""issi"": 22507,"
;;"""fuente"": ""subgerencia"","
;;"""informacion"": {}"
;},;
;{;
;;"""issi"": 22508,"
;;"""fuente"": ""subgerencia"","
;;"""informacion"": {}"
;},;
;{;
;;"""issi"": 22509,"
;;"""fuente"": ""subgerencia"","
;;"""informacion"": {}"
;},;
;{;
;;"""issi"": 22510,"
;;"""fuente"": ""subgerencia"","
;;"""informacion"": {}"
;},;
;{;
;;"""issi"": 22511,"
;;"""fuente"": ""subgerencia"","
;;"""informacion"": {}"
;},;
;{;
;;"""issi"": 22512,"
;;"""fuente"": ""subgerencia"","
;;"""informacion"": {}"
;},;
;{;
;;"""issi"": 22514,"
;;"""fuente"": ""subgerencia"","
;;"""informacion"": {}"
;},;
;{;
;;"""issi"": 22515,"
;;"""fuente"": ""subgerencia"","
;;"""informacion"": {}"
;},;
;{;
;;"""issi"": 22516,"
;;"""fuente"": ""subgerencia"","
;;"""informacion"": {}"
;},;
;{;
;;"""issi"": 22518,"
;;"""fuente"": ""subgerencia"","
;;"""informacion"": {}"
;},;
;{;
;;"""issi"": 22519,"
;;"""fuente"": ""subgerencia"","
;;"""informacion"": {}"
;},;
;{;
;;"""issi"": 22520,"
;;"""fuente"": ""subgerencia"","
;;"""informacion"": {}"
;},;
;{;
;;"""issi"": 22529,"
;;"""fuente"": ""subgerencia"","
;;"""informacion"": {}"
;},;
;{;
;;"""issi"": 22530,"
;;"""fuente"": ""subgerencia"","
;;"""informacion"": {}"
;},;
;{;
;;"""issi"": 22531,"
;;"""fuente"": ""subgerencia"","
;;"""informacion"": {}"
;},;
;{;
;;"""issi"": 22532,"
;;"""fuente"": ""subgerencia"","
;;"""informacion"": {}"
;},;
;{;
;;"""issi"": 22534,"
;;"""fuente"": ""subgerencia"","
;;"""informacion"": {}"
;},;
;{;
;;"""issi"": 22535,"
;;"""fuente"": ""subgerencia"","
;;"""informacion"": {}"
;},;
;{;
;;"""issi"": 22536,"
;;"""fuente"": ""subgerencia"","
;;"""informacion"": {}"
;},;
;{;
;;"""issi"": 22549,"
;;"""fuente"": ""subgerencia"","
;;"""informacion"": {}"
;},;
;{;
;;"""issi"": 22550,"
;;"""fuente"": ""subgerencia"","
;;"""informacion"": {}"
;},;
;{;
;;"""issi"": 22551,"
;;"""fuente"": ""subgerencia"","
;;"""informacion"": {}"
;},;
;{;
;;"""issi"": 22552,"
;;"""fuente"": ""subgerencia"","
;;"""informacion"": {}"
;},;
;{;
;;"""issi"": 22553,"
;;"""fuente"": ""subgerencia"","
;;"""informacion"": {}"
;},;
;{;
;;"""issi"": 22554,"
;;"""fuente"": ""subgerencia"","
;;"""informacion"": {}"
;},;
;{;
;;"""issi"": 22557,"
;;"""fuente"": ""subgerencia"","
;;"""informacion"": {}"
;},;
;{;
;;"""issi"": 22558,"
;;"""fuente"": ""subgerencia"","
;;"""informacion"": {}"
;},;
;{;
;;"""issi"": 22559,"
;;"""fuente"": ""subgerencia"","
;;"""informacion"": {}"
;},;
;{;
;;"""issi"": 22560,"
;;"""fuente"": ""subgerencia"","
;;"""informacion"": {}"
;},;
;{;
;;"""issi"": 22565,"
;;"""fuente"": ""subgerencia"","
;;"""informacion"": {}"
;},;
;{;
;;"""issi"": 22566,"
;;"""fuente"": ""subgerencia"","
;;"""informacion"": {}"
;},;
;{;
;;"""issi"": 22567,"
;;"""fuente"": ""subgerencia"","
;;"""informacion"": {}"
;},;
;{;
;;"""issi"": 22568,"
;;"""fuente"": ""subgerencia"","
;;"""informacion"": {}"
;},;
;{;
;;"""issi"": 22582,"
;;"""fuente"": ""subgerencia"","
;;"""informacion"": {}"
;},;
;{;
;;"""issi"": 22585,"
;;"""fuente"": ""subgerencia"","
;;"""informacion"": {}"
;},;
;{;
;;"""issi"": 22588,"
;;"""fuente"": ""subgerencia"","
;;"""informacion"": {}"
;},;
;{;
;;"""issi"": 22589,"
;;"""fuente"": ""subgerencia"","
;;"""informacion"": {}"
;},;
;{;
;;"""issi"": 22590,"
;;"""fuente"": ""subgerencia"","
;;"""informacion"": {}"
;},;
;{;
;;"""issi"": 22591,"
;;"""fuente"": ""subgerencia"","
;;"""informacion"": {}"
;},;
;{;
;;"""issi"": 22592,"
;;"""fuente"": ""subgerencia"","
;;"""informacion"": {}"
;},;
;{;
;;"""issi"": 22593,"
;;"""fuente"": ""subgerencia"","
;;"""informacion"": {}"
;},;
;{;
;;"""issi"": 22594,"
;;"""fuente"": ""subgerencia"","
;;"""informacion"": {}"
;},;
;{;
;;"""issi"": 22595,"
;;"""fuente"": ""subgerencia"","
;;"""informacion"": {}"
;},;
;{;
;;"""issi"": 22598,"
;;"""fuente"": ""subgerencia"","
;;"""informacion"": {}"
;},;
;{;
;;"""issi"": 22599,"
;;"""fuente"": ""subgerencia"","
;;"""informacion"": {}"
;},;
;{;
;;"""issi"": 22601,"
;;"""fuente"": ""subgerencia"","
;;"""informacion"": {}"
;},;
;{;
;;"""issi"": 22602,"
;;"""fuente"": ""subgerencia"","
;;"""informacion"": {}"
;},;
;{;
;;"""issi"": 22603,"
;;"""fuente"": ""subgerencia"","
;;"""informacion"": {}"
;},;
;{;
;;"""issi"": 22604,"
;;"""fuente"": ""subgerencia"","
;;"""informacion"": {}"
;},;
;{;
;;"""issi"": 22605,"
;;"""fuente"": ""subgerencia"","
;;"""informacion"": {}"
;},;
;{;
;;"""issi"": 22607,"
;;"""fuente"": ""subgerencia"","
;;"""informacion"": {}"
;},;
;{;
;;"""issi"": 22609,"
;;"""fuente"": ""subgerencia"","
;;"""informacion"": {}"
;},;
;{;
;;"""issi"": 22610,"
;;"""fuente"": ""subgerencia"","
;;"""informacion"": {}"
;},;
;{;
;;"""issi"": 22611,"
;;"""fuente"": ""subgerencia"","
;;"""informacion"": {}"
;},;
;{;
;;"""issi"": 22612,"
;;"""fuente"": ""subgerencia"","
;;"""informacion"": {}"
;},;
;{;
;;"""issi"": 22613,"
;;"""fuente"": ""subgerencia"","
;;"""informacion"": {}"
;},;
;{;
;;"""issi"": 22614,"
;;"""fuente"": ""subgerencia"","
;;"""informacion"": {}"
;},;
;{;
;;"""issi"": 22615,"
;;"""fuente"": ""subgerencia"","
;;"""informacion"": {}"
;},;
;{;
;;"""issi"": 22616,"
;;"""fuente"": ""subgerencia"","
;;"""informacion"": {}"
;},;
;{;
;;"""issi"": 22617,"
;;"""fuente"": ""subgerencia"","
;;"""informacion"": {}"
;},;
;{;
;;"""issi"": 22618,"
;;"""fuente"": ""subgerencia"","
;;"""informacion"": {}"
;},;
;{;
;;"""issi"": 22619,"
;;"""fuente"": ""subgerencia"","
;;"""informacion"": {}"
;},;
;{;
;;"""issi"": 22620,"
;;"""fuente"": ""subgerencia"","
;;"""informacion"": {}"
;},;
;{;
;;"""issi"": 22621,"
;;"""fuente"": ""subgerencia"","
;;"""informacion"": {}"
;},;
;{;
;;"""issi"": 22622,"
;;"""fuente"": ""subgerencia"","
;;"""informacion"": {}"
;},;
;{;
;;"""issi"": 22623,"
;;"""fuente"": ""subgerencia"","
;;"""informacion"": {}"
;},;
;{;
;;"""issi"": 22624,"
;;"""fuente"": ""subgerencia"","
;;"""informacion"": {}"
;},;
;{;
;;"""issi"": 22625,"
;;"""fuente"": ""subgerencia"","
;;"""informacion"": {}"
;},;
;{;
;;"""issi"": 22626,"
;;"""fuente"": ""subgerencia"","
;;"""informacion"": {}"
;},;
;{;
;;"""issi"": 22627,"
;;"""fuente"": ""subgerencia"","
;;"""informacion"": {}"
;},;
;{;
;;"""issi"": 22628,"
;;"""fuente"": ""subgerencia"","
;;"""informacion"": {}"
;},;
;{;
;;"""issi"": 22629,"
;;"""fuente"": ""subgerencia"","
;;"""informacion"": {}"
;},;
;{;
;;"""issi"": 22630,"
;;"""fuente"": ""subgerencia"","
;;"""informacion"": {}"
;},;
;{;
;;"""issi"": 22631,"
;;"""fuente"": ""subgerencia"","
;;"""informacion"": {}"
;},;
;{;
;;"""issi"": 22632,"
;;"""fuente"": ""subgerencia"","
;;"""informacion"": {}"
;},;
;{;
;;"""issi"": 22633,"
;;"""fuente"": ""subgerencia"","
;;"""informacion"": {}"
;},;
;{;
;;"""issi"": 22634,"
;;"""fuente"": ""subgerencia"","
;;"""informacion"": {}"
;},;
;{;
;;"""issi"": 22635,"
;;"""fuente"": ""subgerencia"","
;;"""informacion"": {}"
;},;
;{;
;;"""issi"": 22636,"
;;"""fuente"": ""subgerencia"","
;;"""informacion"": {}"
;},;
;{;
;;"""issi"": 22637,"
;;"""fuente"": ""subgerencia"","
;;"""informacion"": {}"
;},;
;{;
;;"""issi"": 22638,"
;;"""fuente"": ""subgerencia"","
;;"""informacion"": {}"
;},;
;{;
;;"""issi"": 22639,"
;;"""fuente"": ""subgerencia"","
;;"""informacion"": {}"
;},;
;{;
;;"""issi"": 22640,"
;;"""fuente"": ""subgerencia"","
;;"""informacion"": {}"
;},;
;{;
;;"""issi"": 22641,"
;;"""fuente"": ""subgerencia"","
;;"""informacion"": {}"
;},;
;{;
;;"""issi"": 22642,"
;;"""fuente"": ""subgerencia"","
;;"""informacion"": {}"
;},;
;{;
;;"""issi"": 22643,"
;;"""fuente"": ""subgerencia"","
;;"""informacion"": {}"
;},;
;{;
;;"""issi"": 22644,"
;;"""fuente"": ""subgerencia"","
;;"""informacion"": {}"
;},;
;{;
;;"""issi"": 22645,"
;;"""fuente"": ""subgerencia"","
;;"""informacion"": {}"
;},;
;{;
;;"""issi"": 22646,"
;;"""fuente"": ""subgerencia"","
;;"""informacion"": {}"
;},;
;{;
;;"""issi"": 22647,"
;;"""fuente"": ""subgerencia"","
;;"""informacion"": {}"
;},;
;{;
;;"""issi"": 22648,"
;;"""fuente"": ""subgerencia"","
;;"""informacion"": {}"
;},;
;{;
;;"""issi"": 22649,"
;;"""fuente"": ""subgerencia"","
;;"""informacion"": {}"
;},;
;{;
;;"""issi"": 22650,"
;;"""fuente"": ""subgerencia"","
;;"""informacion"": {}"
;},;
;{;
;;"""issi"": 22651,"
;;"""fuente"": ""subgerencia"","
;;"""informacion"": {}"
;},;
;{;
;;"""issi"": 22652,"
;;"""fuente"": ""subgerencia"","
;;"""informacion"": {}"
;},;
;{;
;;"""issi"": 22653,"
;;"""fuente"": ""subgerencia"","
;;"""informacion"": {}"
;},;
;{;
;;"""issi"": 22654,"
;;"""fuente"": ""subgerencia"","
;;"""informacion"": {}"
;},;
;{;
;;"""issi"": 22655,"
;;"""fuente"": ""subgerencia"","
;;"""informacion"": {}"
;},;
;{;
;;"""issi"": 22656,"
;;"""fuente"": ""subgerencia"","
;;"""informacion"": {}"
;},;
;{;
;;"""issi"": 22657,"
;;"""fuente"": ""subgerencia"","
;;"""informacion"": {}"
;},;
;{;
;;"""issi"": 22658,"
;;"""fuente"": ""subgerencia"","
;;"""informacion"": {}"
;},;
;{;
;;"""issi"": 22659,"
;;"""fuente"": ""subgerencia"","
;;"""informacion"": {}"
;},;
;{;
;;"""issi"": 22660,"
;;"""fuente"": ""subgerencia"","
;;"""informacion"": {}"
;},;
;{;
;;"""issi"": 22661,"
;;"""fuente"": ""subgerencia"","
;;"""informacion"": {}"
;},;
;{;
;;"""issi"": 22662,"
;;"""fuente"": ""subgerencia"","
;;"""informacion"": {}"
;},;
;{;
;;"""issi"": 22663,"
;;"""fuente"": ""subgerencia"","
;;"""informacion"": {}"
;},;
;{;
;;"""issi"": 22664,"
;;"""fuente"": ""subgerencia"","
;;"""informacion"": {}"
;},;
;{;
;;"""issi"": 22665,"
;;"""fuente"": ""subgerencia"","
;;"""informacion"": {}"
;},;
;{;
;;"""issi"": 22666,"
;;"""fuente"": ""subgerencia"","
;;"""informacion"": {}"
;},;
;{;
;;"""issi"": 22667,"
;;"""fuente"": ""subgerencia"","
;;"""informacion"": {}"
;},;
;{;
;;"""issi"": 22668,"
;;"""fuente"": ""subgerencia"","
;;"""informacion"": {}"
;},;
;{;
;;"""issi"": 22669,"
;;"""fuente"": ""subgerencia"","
;;"""informacion"": {}"
;},;
;{;
;;"""issi"": 22670,"
;;"""fuente"": ""subgerencia"","
;;"""informacion"": {}"
;},;
;{;
;;"""issi"": 22671,"
;;"""fuente"": ""subgerencia"","
;;"""informacion"": {}"
;},;
;{;
;;"""issi"": 22672,"
;;"""fuente"": ""subgerencia"","
;;"""informacion"": {}"
;},;
;{;
;;"""issi"": 22673,"
;;"""fuente"": ""subgerencia"","
;;"""informacion"": {}"
;},;
;{;
;;"""issi"": 22674,"
;;"""fuente"": ""subgerencia"","
;;"""informacion"": {}"
;},;
;{;
;;"""issi"": 22675,"
;;"""fuente"": ""subgerencia"","
;;"""informacion"": {}"
;},;
;{;
;;"""issi"": 22676,"
;;"""fuente"": ""subgerencia"","
;;"""informacion"": {}"
;},;
;{;
;;"""issi"": 22677,"
;;"""fuente"": ""subgerencia"","
;;"""informacion"": {}"
;},;
;{;
;;"""issi"": 22678,"
;;"""fuente"": ""subgerencia"","
;;"""informacion"": {}"
;},;
;{;
;;"""issi"": 22679,"
;;"""fuente"": ""subgerencia"","
;;"""informacion"": {}"
;},;
;{;
;;"""issi"": 22680,"
;;"""fuente"": ""subgerencia"","
;;"""informacion"": {}"
;},;
;{;
;;"""issi"": 22681,"
;;"""fuente"": ""subgerencia"","
;;"""informacion"": {}"
;},;
;{;
;;"""issi"": 22682,"
;;"""fuente"": ""subgerencia"","
;;"""informacion"": {}"
;},;
;{;
;;"""issi"": 22683,"
;;"""fuente"": ""subgerencia"","
;;"""informacion"": {}"
;},;
;{;
;;"""issi"": 22684,"
;;"""fuente"": ""subgerencia"","
;;"""informacion"": {}"
;},;
;{;
;;"""issi"": 22685,"
;;"""fuente"": ""subgerencia"","
;;"""informacion"": {}"
;},;
;{;
;;"""issi"": 22686,"
;;"""fuente"": ""subgerencia"","
;;"""informacion"": {}"
;},;
;{;
;;"""issi"": 22687,"
;;"""fuente"": ""subgerencia"","
;;"""informacion"": {}"
;},;
;{;
;;"""issi"": 22688,"
;;"""fuente"": ""subgerencia"","
;;"""informacion"": {}"
;},;
;{;
;;"""issi"": 22689,"
;;"""fuente"": ""subgerencia"","
;;"""informacion"": {}"
;},;
;{;
;;"""issi"": 22690,"
;;"""fuente"": ""subgerencia"","
;;"""informacion"": {}"
;},;
;{;
;;"""issi"": 22691,"
;;"""fuente"": ""subgerencia"","
;;"""informacion"": {}"
;},;
;{;
;;"""issi"": 22692,"
;;"""fuente"": ""subgerencia"","
;;"""informacion"": {}"
;},;
;{;
;;"""issi"": 22693,"
;;"""fuente"": ""subgerencia"","
;;"""informacion"": {}"
;},;
;{;
;;"""issi"": 22694,"
;;"""fuente"": ""subgerencia"","
;;"""informacion"": {}"
;},;
;{;
;;"""issi"": 22695,"
;;"""fuente"": ""subgerencia"","
;;"""informacion"": {}"
;},;
;{;
;;"""issi"": 22696,"
;;"""fuente"": ""subgerencia"","
;;"""informacion"": {}"
;},;
;{;
;;"""issi"": 22697,"
;;"""fuente"": ""subgerencia"","
;;"""informacion"": {}"
;},;
;{;
;;"""issi"": 22698,"
;;"""fuente"": ""subgerencia"","
;;"""informacion"": {}"
;},;
;{;
;;"""issi"": 22699,"
;;"""fuente"": ""subgerencia"","
;;"""informacion"": {}"
;},;
;{;
;;"""issi"": 22700,"
;;"""fuente"": ""subgerencia"","
;;"""informacion"": {}"
;},;
;{;
;;"""issi"": 22701,"
;;"""fuente"": ""subgerencia"","
;;"""informacion"": {}"
;},;
;{;
;;"""issi"": 22702,"
;;"""fuente"": ""subgerencia"","
;;"""informacion"": {}"
;},;
;{;
;;"""issi"": 22703,"
;;"""fuente"": ""subgerencia"","
;;"""informacion"": {}"
;},;
;{;
;;"""issi"": 22704,"
;;"""fuente"": ""subgerencia"","
;;"""informacion"": {}"
;},;
;{;
;;"""issi"": 22705,"
;;"""fuente"": ""subgerencia"","
;;"""informacion"": {}"
;},;
;{;
;;"""issi"": 22706,"
;;"""fuente"": ""subgerencia"","
;;"""informacion"": {}"
;},;
;{;
;;"""issi"": 22707,"
;;"""fuente"": ""subgerencia"","
;;"""informacion"": {}"
;},;
;{;
;;"""issi"": 22708,"
;;"""fuente"": ""subgerencia"","
;;"""informacion"": {}"
;},;
;{;
;;"""issi"": 22709,"
;;"""fuente"": ""subgerencia"","
;;"""informacion"": {}"
;},;
;{;
;;"""issi"": 22110,"
;;"""fuente"": ""municipalidad"","
;;"""informacion"": {}"
;},;
;{;
;;"""issi"": 22111,"
;;"""fuente"": ""municipalidad"","
;;"""informacion"": {}"
;},;
;{;
;;"""issi"": 22112,"
;;"""fuente"": ""municipalidad"","
;;"""informacion"": {}"
;},;
;{;
;;"""issi"": 22113,"
;;"""fuente"": ""municipalidad"","
;;"""informacion"": {}"
;},;
;{;
;;"""issi"": 22114,"
;;"""fuente"": ""municipalidad"","
;;"""informacion"": {}"
;},;
;{;
;;"""issi"": 22115,"
;;"""fuente"": ""municipalidad"","
;;"""informacion"": {}"
;},;
;{;
;;"""issi"": 22116,"
;;"""fuente"": ""municipalidad"","
;;"""informacion"": {}"
;},;
;{;
;;"""issi"": 22117,"
;;"""fuente"": ""municipalidad"","
;;"""informacion"": {}"
;},;
;{;
;;"""issi"": 22118,"
;;"""fuente"": ""municipalidad"","
;;"""informacion"": {}"
;},;
;{;
;;"""issi"": 22119,"
;;"""fuente"": ""municipalidad"","
;;"""informacion"": {}"
;},;
;{;
;;"""issi"": 22120,"
;;"""fuente"": ""municipalidad"","
;;"""informacion"": {}"
;},;
;{;
;;"""issi"": 22121,"
;;"""fuente"": ""municipalidad"","
;;"""informacion"": {}"
;},;
;{;
;;"""issi"": 22122,"
;;"""fuente"": ""municipalidad"","
;;"""informacion"": {}"
;},;
;{;
;;"""issi"": 22130,"
;;"""fuente"": ""municipalidad"","
;;"""informacion"": {}"
;},;
;{;
;;"""issi"": 22132,"
;;"""fuente"": ""municipalidad"","
;;"""informacion"": {}"
;},;
;{;
;;"""issi"": 22133,"
;;"""fuente"": ""municipalidad"","
;;"""informacion"": {}"
;},;
;{;
;;"""issi"": 22134,"
;;"""fuente"": ""municipalidad"","
;;"""informacion"": {}"
;},;
;{;
;;"""issi"": 22135,"
;;"""fuente"": ""municipalidad"","
;;"""informacion"": {}"
;},;
;{;
;;"""issi"": 22136,"
;;"""fuente"": ""municipalidad"","
;;"""informacion"": {}"
;},;
;{;
;;"""issi"": 22137,"
;;"""fuente"": ""municipalidad"","
;;"""informacion"": {}"
;},;
;{;
;;"""issi"": 22138,"
;;"""fuente"": ""municipalidad"","
;;"""informacion"": {}"
;},;
;{;
;;"""issi"": 22139,"
;;"""fuente"": ""municipalidad"","
;;"""informacion"": {}"
;},;
;{;
;;"""issi"": 22140,"
;;"""fuente"": ""municipalidad"","
;;"""informacion"": {}"
;},;
;{;
;;"""issi"": 22141,"
;;"""fuente"": ""municipalidad"","
;;"""informacion"": {}"
;},;
;{;
;;"""issi"": 22142,"
;;"""fuente"": ""municipalidad"","
;;"""informacion"": {}"
;},;
;{;
;;"""issi"": 22143,"
;;"""fuente"": ""municipalidad"","
;;"""informacion"": {}"
;},;
;{;
;;"""issi"": 22144,"
;;"""fuente"": ""municipalidad"","
;;"""informacion"": {}"
;},;
;{;
;;"""issi"": 22145,"
;;"""fuente"": ""municipalidad"","
;;"""informacion"": {}"
;},;
;{;
;;"""issi"": 22146,"
;;"""fuente"": ""municipalidad"","
;;"""informacion"": {}"
;},;
;{;
;;"""issi"": 22147,"
;;"""fuente"": ""municipalidad"","
;;"""informacion"": {}"
;},;
;{;
;;"""issi"": 22148,"
;;"""fuente"": ""municipalidad"","
;;"""informacion"": {}"
;},;
;{;
;;"""issi"": 22149,"
;;"""fuente"": ""municipalidad"","
;;"""informacion"": {}"
;},;
;{;
;;"""issi"": 22150,"
;;"""fuente"": ""municipalidad"","
;;"""informacion"": {}"
;},;
;{;
;;"""issi"": 22151,"
;;"""fuente"": ""municipalidad"","
;;"""informacion"": {}"
;},;
;{;
;;"""issi"": 22152,"
;;"""fuente"": ""municipalidad"","
;;"""informacion"": {}"
;},;
;{;
;;"""issi"": 22153,"
;;"""fuente"": ""municipalidad"","
;;"""informacion"": {}"
;},;
;{;
;;"""issi"": 22154,"
;;"""fuente"": ""municipalidad"","
;;"""informacion"": {}"
;},;
;{;
;;"""issi"": 22155,"
;;"""fuente"": ""municipalidad"","
;;"""informacion"": {}"
;},;
;{;
;;"""issi"": 22156,"
;;"""fuente"": ""municipalidad"","
;;"""informacion"": {}"
;},;
;{;
;;"""issi"": 22157,"
;;"""fuente"": ""municipalidad"","
;;"""informacion"": {}"
;},;
;{;
;;"""issi"": 22158,"
;;"""fuente"": ""municipalidad"","
;;"""informacion"": {}"
;},;
;{;
;;"""issi"": 22159,"
;;"""fuente"": ""municipalidad"","
;;"""informacion"": {}"
;},;
;{;
;;"""issi"": 22160,"
;;"""fuente"": ""municipalidad"","
;;"""informacion"": {}"
;},;
;{;
;;"""issi"": 22161,"
;;"""fuente"": ""municipalidad"","
;;"""informacion"": {}"
;},;
;{;
;;"""issi"": 22162,"
;;"""fuente"": ""municipalidad"","
;;"""informacion"": {}"
;},;
;{;
;;"""issi"": 22163,"
;;"""fuente"": ""municipalidad"","
;;"""informacion"": {}"
;},;
;{;
;;"""issi"": 22164,"
;;"""fuente"": ""municipalidad"","
;;"""informacion"": {}"
;},;
;{;
;;"""issi"": 22165,"
;;"""fuente"": ""municipalidad"","
;;"""informacion"": {}"
;},;
;{;
;;"""issi"": 22166,"
;;"""fuente"": ""municipalidad"","
;;"""informacion"": {}"
;},;
;{;
;;"""issi"": 22167,"
;;"""fuente"": ""municipalidad"","
;;"""informacion"": {}"
;},;
;{;
;;"""issi"": 22168,"
;;"""fuente"": ""municipalidad"","
;;"""informacion"": {}"
;},;
;{;
;;"""issi"": 22169,"
;;"""fuente"": ""municipalidad"","
;;"""informacion"": {}"
;},;
;{;
;;"""issi"": 22170,"
;;"""fuente"": ""municipalidad"","
;;"""informacion"": {}"
;},;
;{;
;;"""issi"": 22171,"
;;"""fuente"": ""municipalidad"","
;;"""informacion"": {}"
;},;
;{;
;;"""issi"": 22172,"
;;"""fuente"": ""municipalidad"","
;;"""informacion"": {}"
;},;
;{;
;;"""issi"": 22173,"
;;"""fuente"": ""municipalidad"","
;;"""informacion"": {}"
;},;
;{;
;;"""issi"": 22175,"
;;"""fuente"": ""municipalidad"","
;;"""informacion"": {}"
;},;
;{;
;;"""issi"": 22176,"
;;"""fuente"": ""municipalidad"","
;;"""informacion"": {}"
;},;
;{;
;;"""issi"": 22177,"
;;"""fuente"": ""municipalidad"","
;;"""informacion"": {}"
;},;
;{;
;;"""issi"": 22178,"
;;"""fuente"": ""municipalidad"","
;;"""informacion"": {}"
;},;
;{;
;;"""issi"": 22179,"
;;"""fuente"": ""municipalidad"","
;;"""informacion"": {}"
;},;
;{;
;;"""issi"": 22180,"
;;"""fuente"": ""municipalidad"","
;;"""informacion"": {}"
;},;
;{;
;;"""issi"": 22181,"
;;"""fuente"": ""municipalidad"","
;;"""informacion"": {}"
;},;
;{;
;;"""issi"": 22182,"
;;"""fuente"": ""municipalidad"","
;;"""informacion"": {}"
;},;
;{;
;;"""issi"": 22183,"
;;"""fuente"": ""municipalidad"","
;;"""informacion"": {}"
;},;
;{;
;;"""issi"": 22184,"
;;"""fuente"": ""municipalidad"","
;;"""informacion"": {}"
;},;
;{;
;;"""issi"": 22185,"
;;"""fuente"": ""municipalidad"","
;;"""informacion"": {}"
;},;
;{;
;;"""issi"": 22186,"
;;"""fuente"": ""municipalidad"","
;;"""informacion"": {}"
;},;
;{;
;;"""issi"": 22187,"
;;"""fuente"": ""municipalidad"","
;;"""informacion"": {}"
;},;
;{;
;;"""issi"": 22188,"
;;"""fuente"": ""municipalidad"","
;;"""informacion"": {}"
;},;
;{;
;;"""issi"": 22199,"
;;"""fuente"": ""municipalidad"","
;;"""informacion"": {}"
;},;
;{;
;;"""issi"": 22200,"
;;"""fuente"": ""municipalidad"","
;;"""informacion"": {}"
;},;
;{;
;;"""issi"": 22201,"
;;"""fuente"": ""municipalidad"","
;;"""informacion"": {}"
;},;
;{;
;;"""issi"": 22202,"
;;"""fuente"": ""municipalidad"","
;;"""informacion"": {}"
;},;
;{;
;;"""issi"": 22203,"
;;"""fuente"": ""municipalidad"","
;;"""informacion"": {}"
;},;
;{;
;;"""issi"": 22204,"
;;"""fuente"": ""municipalidad"","
;;"""informacion"": {}"
;},;
;{;
;;"""issi"": 22205,"
;;"""fuente"": ""municipalidad"","
;;"""informacion"": {}"
;},;
;{;
;;"""issi"": 22206,"
;;"""fuente"": ""municipalidad"","
;;"""informacion"": {}"
;},;
;{;
;;"""issi"": 22207,"
;;"""fuente"": ""municipalidad"","
;;"""informacion"": {}"
;},;
;{;
;;"""issi"": 22208,"
;;"""fuente"": ""municipalidad"","
;;"""informacion"": {}"
;},;
;{;
;;"""issi"": 22209,"
;;"""fuente"": ""municipalidad"","
;;"""informacion"": {}"
;},;
;{;
;;"""issi"": 22210,"
;;"""fuente"": ""municipalidad"","
;;"""informacion"": {}"
;},;
;{;
;;"""issi"": 22211,"
;;"""fuente"": ""municipalidad"","
;;"""informacion"": {}"
;},;
;{;
;;"""issi"": 22212,"
;;"""fuente"": ""municipalidad"","
;;"""informacion"": {}"
;},;
;{;
;;"""issi"": 22213,"
;;"""fuente"": ""municipalidad"","
;;"""informacion"": {}"
;},;
;{;
;;"""issi"": 22214,"
;;"""fuente"": ""municipalidad"","
;;"""informacion"": {}"
;},;
;{;
;;"""issi"": 22215,"
;;"""fuente"": ""municipalidad"","
;;"""informacion"": {}"
;},;
;{;
;;"""issi"": 22216,"
;;"""fuente"": ""municipalidad"","
;;"""informacion"": {}"
;},;
;{;
;;"""issi"": 22217,"
;;"""fuente"": ""municipalidad"","
;;"""informacion"": {}"
;},;
;{;
;;"""issi"": 22218,"
;;"""fuente"": ""municipalidad"","
;;"""informacion"": {}"
;},;
;{;
;;"""issi"": 22219,"
;;"""fuente"": ""municipalidad"","
;;"""informacion"": {}"
;},;
;{;
;;"""issi"": 22220,"
;;"""fuente"": ""municipalidad"","
;;"""informacion"": {}"
;},;
;{;
;;"""issi"": 22221,"
;;"""fuente"": ""municipalidad"","
;;"""informacion"": {}"
;},;
;{;
;;"""issi"": 22222,"
;;"""fuente"": ""municipalidad"","
;;"""informacion"": {}"
;},;
;{;
;;"""issi"": 22223,"
;;"""fuente"": ""municipalidad"","
;;"""informacion"": {}"
;},;
;{;
;;"""issi"": 22224,"
;;"""fuente"": ""municipalidad"","
;;"""informacion"": {}"
;},;
;{;
;;"""issi"": 22225,"
;;"""fuente"": ""municipalidad"","
;;"""informacion"": {}"
;},;
;{;
;;"""issi"": 22226,"
;;"""fuente"": ""municipalidad"","
;;"""informacion"": {}"
;},;
;{;
;;"""issi"": 22227,"
;;"""fuente"": ""municipalidad"","
;;"""informacion"": {}"
;},;
;{;
;;"""issi"": 22228,"
;;"""fuente"": ""municipalidad"","
;;"""informacion"": {}"
;},;
;{;
;;"""issi"": 22229,"
;;"""fuente"": ""municipalidad"","
;;"""informacion"": {}"
;},;
;{;
;;"""issi"": 22230,"
;;"""fuente"": ""municipalidad"","
;;"""informacion"": {}"
;},;
;{;
;;"""issi"": 22231,"
;;"""fuente"": ""municipalidad"","
;;"""informacion"": {}"
;},;
;{;
;;"""issi"": 22232,"
;;"""fuente"": ""municipalidad"","
;;"""informacion"": {}"
;},;
;{;
;;"""issi"": 22233,"
;;"""fuente"": ""municipalidad"","
;;"""informacion"": {}"
;},;
;{;
;;"""issi"": 22234,"
;;"""fuente"": ""municipalidad"","
;;"""informacion"": {}"
;},;
;{;
;;"""issi"": 22235,"
;;"""fuente"": ""municipalidad"","
;;"""informacion"": {}"
;},;
;{;
;;"""issi"": 22236,"
;;"""fuente"": ""municipalidad"","
;;"""informacion"": {}"
;},;
;{;
;;"""issi"": 22237,"
;;"""fuente"": ""municipalidad"","
;;"""informacion"": {}"
;},;
;{;
;;"""issi"": 22238,"
;;"""fuente"": ""municipalidad"","
;;"""informacion"": {}"
;},;
;{;
;;"""issi"": 22239,"
;;"""fuente"": ""municipalidad"","
;;"""informacion"": {}"
;},;
;{;
;;"""issi"": 22240,"
;;"""fuente"": ""municipalidad"","
;;"""informacion"": {}"
;},;
;{;
;;"""issi"": 22241,"
;;"""fuente"": ""municipalidad"","
;;"""informacion"": {}"
;},;
;{;
;;"""issi"": 22242,"
;;"""fuente"": ""municipalidad"","
;;"""informacion"": {}"
;},;
;{;
;;"""issi"": 22243,"
;;"""fuente"": ""municipalidad"","
;;"""informacion"": {}"
;},;
;{;
;;"""issi"": 22244,"
;;"""fuente"": ""municipalidad"","
;;"""informacion"": {}"
;},;
;{;
;;"""issi"": 22245,"
;;"""fuente"": ""municipalidad"","
;;"""informacion"": {}"
;},;
;{;
;;"""issi"": 22246,"
;;"""fuente"": ""municipalidad"","
;;"""informacion"": {}"
;},;
;{;
;;"""issi"": 22247,"
;;"""fuente"": ""municipalidad"","
;;"""informacion"": {}"
;},;
;{;
;;"""issi"": 22248,"
;;"""fuente"": ""municipalidad"","
;;"""informacion"": {}"
;},;
;{;
;;"""issi"": 22249,"
;;"""fuente"": ""municipalidad"","
;;"""informacion"": {}"
;},;
;{;
;;"""issi"": 22250,"
;;"""fuente"": ""municipalidad"","
;;"""informacion"": {}"
;},;
;{;
;;"""issi"": 22251,"
;;"""fuente"": ""municipalidad"","
;;"""informacion"": {}"
;},;
;{;
;;"""issi"": 22252,"
;;"""fuente"": ""municipalidad"","
;;"""informacion"": {}"
;},;
;{;
;;"""issi"": 22253,"
;;"""fuente"": ""municipalidad"","
;;"""informacion"": {}"
;},;
;{;
;;"""issi"": 22254,"
;;"""fuente"": ""municipalidad"","
;;"""informacion"": {}"
;},;
;{;
;;"""issi"": 22255,"
;;"""fuente"": ""municipalidad"","
;;"""informacion"": {}"
;},;
;{;
;;"""issi"": 22256,"
;;"""fuente"": ""municipalidad"","
;;"""informacion"": {}"
;},;
;{;
;;"""issi"": 22257,"
;;"""fuente"": ""municipalidad"","
;;"""informacion"": {}"
;},;
;{;
;;"""issi"": 22258,"
;;"""fuente"": ""municipalidad"","
;;"""informacion"": {}"
;},;
;{;
;;"""issi"": 22259,"
;;"""fuente"": ""municipalidad"","
;;"""informacion"": {}"
;},;
;{;
;;"""issi"": 22260,"
;;"""fuente"": ""municipalidad"","
;;"""informacion"": {}"
;},;
;{;
;;"""issi"": 22261,"
;;"""fuente"": ""municipalidad"","
;;"""informacion"": {}"
;},;
;{;
;;"""issi"": 22263,"
;;"""fuente"": ""municipalidad"","
;;"""informacion"": {}"
;},;
;{;
;;"""issi"": 22264,"
;;"""fuente"": ""municipalidad"","
;;"""informacion"": {}"
;},;
;{;
;;"""issi"": 22265,"
;;"""fuente"": ""municipalidad"","
;;"""informacion"": {}"
;},;
;{;
;;"""issi"": 22266,"
;;"""fuente"": ""municipalidad"","
;;"""informacion"": {}"
;},;
;{;
;;"""issi"": 22267,"
;;"""fuente"": ""municipalidad"","
;;"""informacion"": {}"
;},;
;{;
;;"""issi"": 22268,"
;;"""fuente"": ""municipalidad"","
;;"""informacion"": {}"
;},;
;{;
;;"""issi"": 22269,"
;;"""fuente"": ""municipalidad"","
;;"""informacion"": {}"
;},;
;{;
;;"""issi"": 22270,"
;;"""fuente"": ""municipalidad"","
;;"""informacion"": {}"
;},;
;{;
;;"""issi"": 22271,"
;;"""fuente"": ""municipalidad"","
;;"""informacion"": {}"
;},;
;{;
;;"""issi"": 22274,"
;;"""fuente"": ""municipalidad"","
;;"""informacion"": {}"
;},;
;{;
;;"""issi"": 22275,"
;;"""fuente"": ""municipalidad"","
;;"""informacion"": {}"
;},;
;{;
;;"""issi"": 22277,"
;;"""fuente"": ""municipalidad"","
;;"""informacion"": {}"
;},;
;{;
;;"""issi"": 22278,"
;;"""fuente"": ""municipalidad"","
;;"""informacion"": {}"
;},;
;{;
;;"""issi"": 22279,"
;;"""fuente"": ""municipalidad"","
;;"""informacion"": {}"
;},;
;{;
;;"""issi"": 22283,"
;;"""fuente"": ""municipalidad"","
;;"""informacion"": {}"
;},;
;{;
;;"""issi"": 22284,"
;;"""fuente"": ""municipalidad"","
;;"""informacion"": {}"
;},;
;{;
;;"""issi"": 22398,"
;;"""fuente"": ""municipalidad"","
;;"""informacion"": {}"
;},;
;{;
;;"""issi"": 22513,"
;;"""fuente"": ""municipalidad"","
;;"""informacion"": {}"
;},;
;{;
;;"""issi"": 22517,"
;;"""fuente"": ""municipalidad"","
;;"""informacion"": {}"
;},;
;{;
;;"""issi"": 22521,"
;;"""fuente"": ""municipalidad"","
;;"""informacion"": {}"
;},;
;{;
;;"""issi"": 22522,"
;;"""fuente"": ""municipalidad"","
;;"""informacion"": {}"
;},;
;{;
;;"""issi"": 22523,"
;;"""fuente"": ""municipalidad"","
;;"""informacion"": {}"
;},;
;{;
;;"""issi"": 22524,"
;;"""fuente"": ""municipalidad"","
;;"""informacion"": {}"
;},;
;{;
;;"""issi"": 22525,"
;;"""fuente"": ""municipalidad"","
;;"""informacion"": {}"
;},;
;{;
;;"""issi"": 22526,"
;;"""fuente"": ""municipalidad"","
;;"""informacion"": {}"
;},;
;{;
;;"""issi"": 22527,"
;;"""fuente"": ""municipalidad"","
;;"""informacion"": {}"
;},;
;{;
;;"""issi"": 22528,"
;;"""fuente"": ""municipalidad"","
;;"""informacion"": {}"
;},;
;{;
;;"""issi"": 22533,"
;;"""fuente"": ""municipalidad"","
;;"""informacion"": {}"
;},;
;{;
;;"""issi"": 22537,"
;;"""fuente"": ""municipalidad"","
;;"""informacion"": {}"
;},;
;{;
;;"""issi"": 22538,"
;;"""fuente"": ""municipalidad"","
;;"""informacion"": {}"
;},;
;{;
;;"""issi"": 22539,"
;;"""fuente"": ""municipalidad"","
;;"""informacion"": {}"
;},;
;{;
;;"""issi"": 22540,"
;;"""fuente"": ""municipalidad"","
;;"""informacion"": {}"
;},;
;{;
;;"""issi"": 22541,"
;;"""fuente"": ""municipalidad"","
;;"""informacion"": {}"
;},;
;{;
;;"""issi"": 22542,"
;;"""fuente"": ""municipalidad"","
;;"""informacion"": {}"
;},;
;{;
;;"""issi"": 22543,"
;;"""fuente"": ""municipalidad"","
;;"""informacion"": {}"
;},;
;{;
;;"""issi"": 22544,"
;;"""fuente"": ""municipalidad"","
;;"""informacion"": {}"
;},;
;{;
;;"""issi"": 22545,"
;;"""fuente"": ""municipalidad"","
;;"""informacion"": {}"
;},;
;{;
;;"""issi"": 22546,"
;;"""fuente"": ""municipalidad"","
;;"""informacion"": {}"
;},;
;{;
;;"""issi"": 22547,"
;;"""fuente"": ""municipalidad"","
;;"""informacion"": {}"
;},;
;{;
;;"""issi"": 22548,"
;;"""fuente"": ""municipalidad"","
;;"""informacion"": {}"
;},;
;{;
;;"""issi"": 22555,"
;;"""fuente"": ""municipalidad"","
;;"""informacion"": {}"
;},;
;{;
;;"""issi"": 22556,"
;;"""fuente"": ""municipalidad"","
;;"""informacion"": {}"
;},;
;{;
;;"""issi"": 22561,"
;;"""fuente"": ""municipalidad"","
;;"""informacion"": {}"
;},;
;{;
;;"""issi"": 22562,"
;;"""fuente"": ""municipalidad"","
;;"""informacion"": {}"
;},;
;{;
;;"""issi"": 22563,"
;;"""fuente"": ""municipalidad"","
;;"""informacion"": {}"
;},;
;{;
;;"""issi"": 22564,"
;;"""fuente"": ""municipalidad"","
;;"""informacion"": {}"
;},;
;{;
;;"""issi"": 22569,"
;;"""fuente"": ""municipalidad"","
;;"""informacion"": {}"
;},;
;{;
;;"""issi"": 22570,"
;;"""fuente"": ""municipalidad"","
;;"""informacion"": {}"
;},;
;{;
;;"""issi"": 22571,"
;;"""fuente"": ""municipalidad"","
;;"""informacion"": {}"
;},;
;{;
;;"""issi"": 22572,"
;;"""fuente"": ""municipalidad"","
;;"""informacion"": {}"
;},;
;{;
;;"""issi"": 22573,"
;;"""fuente"": ""municipalidad"","
;;"""informacion"": {}"
;},;
;{;
;;"""issi"": 22574,"
;;"""fuente"": ""municipalidad"","
;;"""informacion"": {}"
;},;
;{;
;;"""issi"": 22575,"
;;"""fuente"": ""municipalidad"","
;;"""informacion"": {}"
;},;
;{;
;;"""issi"": 22576,"
;;"""fuente"": ""municipalidad"","
;;"""informacion"": {}"
;},;
;{;
;;"""issi"": 22577,"
;;"""fuente"": ""municipalidad"","
;;"""informacion"": {}"
;},;
;{;
;;"""issi"": 22578,"
;;"""fuente"": ""municipalidad"","
;;"""informacion"": {}"
;},;
;{;
;;"""issi"": 22579,"
;;"""fuente"": ""municipalidad"","
;;"""informacion"": {}"
;},;
;{;
;;"""issi"": 22580,"
;;"""fuente"": ""municipalidad"","
;;"""informacion"": {}"
;},;
;{;
;;"""issi"": 22581,"
;;"""fuente"": ""municipalidad"","
;;"""informacion"": {}"
;},;
;{;
;;"""issi"": 22583,"
;;"""fuente"": ""municipalidad"","
;;"""informacion"": {}"
;},;
;{;
;;"""issi"": 22584,"
;;"""fuente"": ""municipalidad"","
;;"""informacion"": {}"
;},;
;{;
;;"""issi"": 22586,"
;;"""fuente"": ""municipalidad"","
;;"""informacion"": {}"
;},;
;{;
;;"""issi"": 22587,"
;;"""fuente"": ""municipalidad"","
;;"""informacion"": {}"
;},;
;{;
;;"""issi"": 22596,"
;;"""fuente"": ""municipalidad"","
;;"""informacion"": {}"
;},;
;{;
;;"""issi"": 22597,"
;;"""fuente"": ""municipalidad"","
;;"""informacion"": {}"
;},;
;{;
;;"""issi"": 22600,"
;;"""fuente"": ""municipalidad"","
;;"""informacion"": {}"
;},;
;{;
;;"""issi"": 22606,"
;;"""fuente"": ""municipalidad"","
;;"""informacion"": {}"
;},;
;{;
;;"""issi"": 22608,"
;;"""fuente"": ""municipalidad"","
;;"""informacion"": {}"
;},;
;{;
;;"""issi"": 34123,"
;;"""fuente"": ""municipalidad"","
;;"""informacion"": {}"
;},;
;{;
;;"""issi"": 52302,"
;;"""fuente"": ""municipalidad"","
;;"""informacion"": {}"
;},;
;{;
;;"""issi"": 52303,"
;;"""fuente"": ""municipalidad"","
;;"""informacion"": {}"
;},;
;{;
;;"""issi"": 52304,"
;;"""fuente"": ""municipalidad"","
;;"""informacion"": {}"
;},;
;{;
;;"""issi"": 52305,"
;;"""fuente"": ""municipalidad"","
;;"""informacion"": {}"
;},;
;{;
;;"""issi"": 52306,"
;;"""fuente"": ""municipalidad"","
;;"""informacion"": {}"
;},;
;{;
;;"""issi"": 52307,"
;;"""fuente"": ""municipalidad"","
;;"""informacion"": {}"
;},;
;{;
;;"""issi"": 52308,"
;;"""fuente"": ""municipalidad"","
;;"""informacion"": {}"
;},;
;{;
;;"""issi"": 52309,"
;;"""fuente"": ""municipalidad"","
;;"""informacion"": {}"
;},;
;{;
;;"""issi"": 52310,"
;;"""fuente"": ""municipalidad"","
;;"""informacion"": {}"
;},;
;{;
;;"""issi"": 52312,"
;;"""fuente"": ""municipalidad"","
;;"""informacion"": {}"
;},;
;{;
;;"""issi"": 52313,"
;;"""fuente"": ""municipalidad"","
;;"""informacion"": {}"
;},;
;{;
;;"""issi"": 52314,"
;;"""fuente"": ""municipalidad"","
;;"""informacion"": {}"
;},;
;{;
;;"""issi"": 52316,"
;;"""fuente"": ""municipalidad"","
;;"""informacion"": {}"
;},;
;{;
;;"""issi"": 52317,"
;;"""fuente"": ""municipalidad"","
;;"""informacion"": {}"
;},;
;{;
;;"""issi"": 52318,"
;;"""fuente"": ""municipalidad"","
;;"""informacion"": {}"
;},;
;{;
;;"""issi"": 52319,"
;;"""fuente"": ""municipalidad"","
;;"""informacion"": {}"
;},;
;{;
;;"""issi"": 52320,"
;;"""fuente"": ""municipalidad"","
;;"""informacion"": {}"
;},;
;{;
;;"""issi"": 52322,"
;;"""fuente"": ""municipalidad"","
;;"""informacion"": {}"
;},;
;{;
;;"""issi"": 52323,"
;;"""fuente"": ""municipalidad"","
;;"""informacion"": {}"
;},;
;{;
;;"""issi"": 52325,"
;;"""fuente"": ""municipalidad"","
;;"""informacion"": {}"
;},;
;{;
;;"""issi"": 52326,"
;;"""fuente"": ""municipalidad"","
;;"""informacion"": {}"
;},;
;{;
;;"""issi"": 52327,"
;;"""fuente"": ""municipalidad"","
;;"""informacion"": {}"
;},;
;{;
;;"""issi"": 52328,"
;;"""fuente"": ""municipalidad"","
;;"""informacion"": {}"
;},;
;{;
;;"""issi"": 52329,"
;;"""fuente"": ""municipalidad"","
;;"""informacion"": {}"
;},;
;{;
;;"""issi"": 52332,"
;;"""fuente"": ""municipalidad"","
;;"""informacion"": {}"
;},;
;{;
;;"""issi"": 52333,"
;;"""fuente"": ""municipalidad"","
;;"""informacion"": {}"
;},;
;{;
;;"""issi"": 52334,"
;;"""fuente"": ""municipalidad"","
;;"""informacion"": {}"
;},;
;{;
;;"""issi"": 52336,"
;;"""fuente"": ""municipalidad"","
;;"""informacion"": {}"
;},;
;{;
;;"""issi"": 52337,"
;;"""fuente"": ""municipalidad"","
;;"""informacion"": {}"
;},;
;{;
;;"""issi"": 52338,"
;;"""fuente"": ""municipalidad"","
;;"""informacion"": {}"
;},;
;{;
;;"""issi"": 52351,"
;;"""fuente"": ""municipalidad"","
;;"""informacion"": {}"
;},;
;{;
;;"""issi"": 52352,"
;;"""fuente"": ""municipalidad"","
;;"""informacion"": {}"
;},;
;{;
;;"""issi"": 52353,"
;;"""fuente"": ""municipalidad"","
;;"""informacion"": {}"
;},;
;{;
;;"""issi"": 52354,"
;;"""fuente"": ""municipalidad"","
;;"""informacion"": {}"
;},;
;{;
;;"""issi"": 52355,"
;;"""fuente"": ""municipalidad"","
;;"""informacion"": {}"
;},;
;{;
;;"""issi"": 52356,"
;;"""fuente"": ""municipalidad"","
;;"""informacion"": {}"
;},;
;{;
;;"""issi"": 52357,"
;;"""fuente"": ""municipalidad"","
;;"""informacion"": {}"
;},;
;{;
;;"""issi"": 52359,"
;;"""fuente"": ""municipalidad"","
;;"""informacion"": {}"
;},;
;{;
;;"""issi"": 52360,"
;;"""fuente"": ""municipalidad"","
;;"""informacion"": {}"
;},;
;{;
;;"""issi"": 52361,"
;;"""fuente"": ""municipalidad"","
;;"""informacion"": {}"
;},;
;{;
;;"""issi"": 52362,"
;;"""fuente"": ""municipalidad"","
;;"""informacion"": {}"
;},;
;{;
;;"""issi"": 52363,"
;;"""fuente"": ""municipalidad"","
;;"""informacion"": {}"
;},;
;{;
;;"""issi"": 52364,"
;;"""fuente"": ""municipalidad"","
;;"""informacion"": {}"
;},;
;{;
;;"""issi"": 52365,"
;;"""fuente"": ""municipalidad"","
;;"""informacion"": {}"
;},;
;{;
;;"""issi"": 52366,"
;;"""fuente"": ""municipalidad"","
;;"""informacion"": {}"
;},;
;{;
;;"""issi"": 52367,"
;;"""fuente"": ""municipalidad"","
;;"""informacion"": {}"
;},;
;{;
;;"""issi"": 52368,"
;;"""fuente"": ""municipalidad"","
;;"""informacion"": {}"
;},;
;{;
;;"""issi"": 52369,"
;;"""fuente"": ""municipalidad"","
;;"""informacion"": {}"
;},;
;{;
;;"""issi"": 52370,"
;;"""fuente"": ""municipalidad"","
;;"""informacion"": {}"
;},;
;{;
;;"""issi"": 52371,"
;;"""fuente"": ""municipalidad"","
;;"""informacion"": {}"
;},;
;{;
;;"""issi"": 52372,"
;;"""fuente"": ""municipalidad"","
;;"""informacion"": {}"
;},;
;{;
;;"""issi"": 52373,"
;;"""fuente"": ""municipalidad"","
;;"""informacion"": {}"
;},;
;{;
;;"""issi"": 52374,"
;;"""fuente"": ""municipalidad"","
;;"""informacion"": {}"
;},;
;{;
;;"""issi"": 52375,"
;;"""fuente"": ""municipalidad"","
;;"""informacion"": {}"
;},;
;{;
;;"""issi"": 52376,"
;;"""fuente"": ""municipalidad"","
;;"""informacion"": {}"
;},;
;{;
;;"""issi"": 52377,"
;;"""fuente"": ""municipalidad"","
;;"""informacion"": {}"
;},;
;{;
;;"""issi"": 52378,"
;;"""fuente"": ""municipalidad"","
;;"""informacion"": {}"
;},;
;{;
;;"""issi"": 52379,"
;;"""fuente"": ""municipalidad"","
;;"""informacion"": {}"
;},;
;{;
;;"""issi"": 52380,"
;;"""fuente"": ""municipalidad"","
;;"""informacion"": {}"
;},;
;{;
;;"""issi"": 52381,"
;;"""fuente"": ""municipalidad"","
;;"""informacion"": {}"
;},;
;{;
;;"""issi"": 52382,"
;;"""fuente"": ""municipalidad"","
;;"""informacion"": {}"
;},;
;{;
;;"""issi"": 52383,"
;;"""fuente"": ""municipalidad"","
;;"""informacion"": {}"
;},;
;{;
;;"""issi"": 52384,"
;;"""fuente"": ""municipalidad"","
;;"""informacion"": {}"
;},;
;{;
;;"""issi"": 52385,"
;;"""fuente"": ""municipalidad"","
;;"""informacion"": {}"
;},;
;{;
;;"""issi"": 52386,"
;;"""fuente"": ""municipalidad"","
;;"""informacion"": {}"
;},;
;{;
;;"""issi"": 52387,"
;;"""fuente"": ""municipalidad"","
;;"""informacion"": {}"
;},;
;{;
;;"""issi"": 52388,"
;;"""fuente"": ""municipalidad"","
;;"""informacion"": {}"
;},;
;{;
;;"""issi"": 52389,"
;;"""fuente"": ""municipalidad"","
;;"""informacion"": {}"
;},;
;{;
;;"""issi"": 52390,"
;;"""fuente"": ""municipalidad"","
;;"""informacion"": {}"
;},;
;{;
;;"""issi"": 52391,"
;;"""fuente"": ""municipalidad"","
;;"""informacion"": {}"
;},;
;{;
;;"""issi"": 52392,"
;;"""fuente"": ""municipalidad"","
;;"""informacion"": {}"
;},;
;{;
;;"""issi"": 52393,"
;;"""fuente"": ""municipalidad"","
;;"""informacion"": {}"
;},;
;{;
;;"""issi"": 52394,"
;;"""fuente"": ""municipalidad"","
;;"""informacion"": {}"
;},;
;{;
;;"""issi"": 52395,"
;;"""fuente"": ""municipalidad"","
;;"""informacion"": {}"
;},;
;{;
;;"""issi"": 52396,"
;;"""fuente"": ""municipalidad"","
;;"""informacion"": {}"
;},;
;{;
;;"""issi"": 52397,"
;;"""fuente"": ""municipalidad"","
;;"""informacion"": {}"
;},;
;{;
;;"""issi"": 52398,"
;;"""fuente"": ""municipalidad"","
;;"""informacion"": {}"
;},;
;{;
;;"""issi"": 52399,"
;;"""fuente"": ""municipalidad"","
;;"""informacion"": {}"
;},;
;{;
;;"""issi"": 52400,"
;;"""fuente"": ""municipalidad"","
;;"""informacion"": {}"
;},;
;{;
;;"""issi"": 52401,"
;;"""fuente"": ""municipalidad"","
;;"""informacion"": {"
;;"""unidad"": ""ORION-87"","
;;"""placa"": ""EUI-543"""
;;}
;},;
;{;
;;"""issi"": 52402,"
;;"""fuente"": ""municipalidad"","
;;"""informacion"": {"
;;"""unidad"": ""ORION-67"","
;;"""placa"": ""EUI-478"""
;;}
;},;
;{;
;;"""issi"": 52403,"
;;"""fuente"": ""municipalidad"","
;;"""informacion"": {"
;;"""unidad"": ""ORION-51"","
;;"""placa"": ""EUI-506"""
;;}
;},;
;{;
;;"""issi"": 52404,"
;;"""fuente"": ""municipalidad"","
;;"""informacion"": {"
;;"""unidad"": ""ORION-65"","
;;"""placa"": ""EUI-501"""
;;}
;},;
;{;
;;"""issi"": 52405,"
;;"""fuente"": ""municipalidad"","
;;"""informacion"": {"
;;"""unidad"": ""ORION-97"","
;;"""placa"": ""EUI-482"""
;;}
;},;
;{;
;;"""issi"": 52406,"
;;"""fuente"": ""municipalidad"","
;;"""informacion"": {"
;;"""unidad"": ""ORION-89"","
;;"""placa"": ""EUI-499"""
;;}
;},;
;{;
;;"""issi"": 52407,"
;;"""fuente"": ""municipalidad"","
;;"""informacion"": {"
;;"""unidad"": ""ORION-56"","
;;"""placa"": ""EUI-543"""
;;}
;},;
;{;
;;"""issi"": 52408,"
;;"""fuente"": ""municipalidad"","
;;"""informacion"": {"
;;"""unidad"": ""ORION-63"","
;;"""placa"": ""EUI-522"""
;;}
;},;
;{;
;;"""issi"": 52409,"
;;"""fuente"": ""municipalidad"","
;;"""informacion"": {"
;;"""unidad"": ""ORION-66"","
;;"""placa"": ""EUI-511"""
;;}
;},;
;{;
;;"""issi"": 52410,"
;;"""fuente"": ""municipalidad"","
;;"""informacion"": {"
;;"""unidad"": ""ORION-62"","
;;"""placa"": ""EUI-493"""
;;}
;},;
;{;
;;"""issi"": 52411,"
;;"""fuente"": ""municipalidad"","
;;"""informacion"": {"
;;"""unidad"": ""ORION-64"","
;;"""placa"": ""EUI-505"""
;;}
;},;
;{;
;;"""issi"": 52412,"
;;"""fuente"": ""municipalidad"","
;;"""informacion"": {"
;;"""unidad"": ""ORION-74"","
;;"""placa"": ""EUI-519"""
;;}
;},;
;{;
;;"""issi"": 52413,"
;;"""fuente"": ""municipalidad"","
;;"""informacion"": {"
;;"""unidad"": ""ORION-96"","
;;"""placa"": ""EUI-483"""
;;}
;},;
;{;
;;"""issi"": 52414,"
;;"""fuente"": ""municipalidad"","
;;"""informacion"": {"
;;"""unidad"": ""ORION-69"","
;;"""placa"": ""EUI-538"""
;;}
;},;
;{;
;;"""issi"": 52415,"
;;"""fuente"": ""municipalidad"","
;;"""informacion"": {"
;;"""unidad"": ""ORION-50"","
;;"""placa"": ""EUI-481"""
;;}
;},;
;{;
;;"""issi"": 52416,"
;;"""fuente"": ""municipalidad"","
;;"""informacion"": {"
;;"""unidad"": ""ORION-99"","
;;"""placa"": ""EUI-507"""
;;}
;},;
;{;
;;"""issi"": 52417,"
;;"""fuente"": ""municipalidad"","
;;"""informacion"": {"
;;"""unidad"": ""ORION-90"","
;;"""placa"": ""EUI-510"""
;;}
;},;
;{;
;;"""issi"": 52418,"
;;"""fuente"": ""municipalidad"","
;;"""informacion"": {"
;;"""unidad"": ""ORION-94"","
;;"""placa"": ""EUI-485"""
;;}
;},;
;{;
;;"""issi"": 52419,"
;;"""fuente"": ""municipalidad"","
;;"""informacion"": {"
;;"""unidad"": ""ORION-83"","
;;"""placa"": ""EUI-490"""
;;}
;},;
;{;
;;"""issi"": 52420,"
;;"""fuente"": ""municipalidad"","
;;"""informacion"": {"
;;"""unidad"": ""ORION-68"","
;;"""placa"": ""EUI-488"""
;;}
;},;
;{;
;;"""issi"": 52421,"
;;"""fuente"": ""municipalidad"","
;;"""informacion"": {"
;;"""unidad"": ""ORION-95"","
;;"""placa"": ""EUI-473"""
;;}
;},;
;{;
;;"""issi"": 52422,"
;;"""fuente"": ""municipalidad"","
;;"""informacion"": {"
;;"""unidad"": ""ORION-70"","
;;"""placa"": ""EUI-496"""
;;}
;},;
;{;
;;"""issi"": 52423,"
;;"""fuente"": ""municipalidad"","
;;"""informacion"": {"
;;"""unidad"": ""ORION-57"","
;;"""placa"": ""EUI-486"""
;;}
;},;
;{;
;;"""issi"": 52424,"
;;"""fuente"": ""municipalidad"","
;;"""informacion"": {"
;;"""unidad"": ""ORION-76"","
;;"""placa"": ""EUI-470"""
;;}
;},;
;{;
;;"""issi"": 52425,"
;;"""fuente"": ""municipalidad"","
;;"""informacion"": {"
;;"""unidad"": ""ORION-86"","
;;"""placa"": ""EUI-542"""
;;}
;},;
;{;
;;"""issi"": 52426,"
;;"""fuente"": ""municipalidad"","
;;"""informacion"": {"
;;"""unidad"": ""ORION-80"","
;;"""placa"": ""EUI-468"""
;;}
;},;
;{;
;;"""issi"": 52427,"
;;"""fuente"": ""municipalidad"","
;;"""informacion"": {"
;;"""unidad"": ""ORION-49"","
;;"""placa"": ""EUI-500"""
;;}
;},;
;{;
;;"""issi"": 52428,"
;;"""fuente"": ""municipalidad"","
;;"""informacion"": {"
;;"""unidad"": ""ORION-61"","
;;"""placa"": ""EUI-520"""
;;}
;},;
;{;
;;"""issi"": 52429,"
;;"""fuente"": ""municipalidad"","
;;"""informacion"": {"
;;"""unidad"": ""ORION-93"","
;;"""placa"": ""EUI-462"""
;;}
;},;
;{;
;;"""issi"": 52430,"
;;"""fuente"": ""municipalidad"","
;;"""informacion"": {"
;;"""unidad"": ""ORION-60"","
;;"""placa"": ""EUI-477"""
;;}
;},;
;{;
;;"""issi"": 52431,"
;;"""fuente"": ""municipalidad"","
;;"""informacion"": {"
;;"""unidad"": ""ORION-59"","
;;"""placa"": ""EUI-472"""
;;}
;},;
;{;
;;"""issi"": 52432,"
;;"""fuente"": ""municipalidad"","
;;"""informacion"": {"
;;"""unidad"": ""ORION-75"","
;;"""placa"": ""EUI-535"""
;;}
;},;
;{;
;;"""issi"": 52433,"
;;"""fuente"": ""municipalidad"","
;;"""informacion"": {"
;;"""unidad"": ""ORION-82"","
;;"""placa"": ""EUI-492"""
;;}
;},;
;{;
;;"""issi"": 52434,"
;;"""fuente"": ""municipalidad"","
;;"""informacion"": {"
;;"""unidad"": ""ORION-73"","
;;"""placa"": ""EUI-479"""
;;}
;},;
;{;
;;"""issi"": 52435,"
;;"""fuente"": ""municipalidad"","
;;"""informacion"": {"
;;"""unidad"": ""ORION-85"","
;;"""placa"": ""EUI-539"""
;;}
;},;
;{;
;;"""issi"": 52436,"
;;"""fuente"": ""municipalidad"","
;;"""informacion"": {"
;;"""unidad"": ""ORION-92"","
;;"""placa"": ""EUI-498"""
;;}
;},;
;{;
;;"""issi"": 52437,"
;;"""fuente"": ""municipalidad"","
;;"""informacion"": {"
;;"""unidad"": ""ORION-58"","
;;"""placa"": ""EUI-494"""
;;}
;},;
;{;
;;"""issi"": 52438,"
;;"""fuente"": ""municipalidad"","
;;"""informacion"": {"
;;"""unidad"": ""ORION-54"","
;;"""placa"": ""EUI-495"""
;;}
;},;
;{;
;;"""issi"": 52439,"
;;"""fuente"": ""municipalidad"","
;;"""informacion"": {"
;;"""unidad"": ""ORION-91"","
;;"""placa"": ""EUI-476"""
;;}
;},;
;{;
;;"""issi"": 52440,"
;;"""fuente"": ""municipalidad"","
;;"""informacion"": {"
;;"""unidad"": ""ORION-52"","
;;"""placa"": ""EUI-521"""
;;}
;},;
;{;
;;"""issi"": 52441,"
;;"""fuente"": ""municipalidad"","
;;"""informacion"": {"
;;"""unidad"": ""ORION-98"","
;;"""placa"": ""EUI-471"""
;;}
;},;
;{;
;;"""issi"": 52442,"
;;"""fuente"": ""municipalidad"","
;;"""informacion"": {"
;;"""unidad"": ""ORION-55"","
;;"""placa"": ""EUI-504"""
;;}
;},;
;{;
;;"""issi"": 52443,"
;;"""fuente"": ""municipalidad"","
;;"""informacion"": {"
;;"""unidad"": ""ORION-84"","
;;"""placa"": ""EUI-491"""
;;}
;},;
;{;
;;"""issi"": 52444,"
;;"""fuente"": ""municipalidad"","
;;"""informacion"": {"
;;"""unidad"": ""ORION-72"","
;;"""placa"": ""EUI-537"""
;;}
;},;
;{;
;;"""issi"": 52445,"
;;"""fuente"": ""municipalidad"","
;;"""informacion"": {"
;;"""unidad"": ""ORION-88"","
;;"""placa"": ""EUI-547"""
;;}
;},;
;{;
;;"""issi"": 52446,"
;;"""fuente"": ""municipalidad"","
;;"""informacion"": {"
;;"""unidad"": ""ORION-78"","
;;"""placa"": ""EUI-469"""
;;}
;},;
;{;
;;"""issi"": 52447,"
;;"""fuente"": ""municipalidad"","
;;"""informacion"": {"
;;"""unidad"": ""ORION-77"","
;;"""placa"": ""EUI-534"""
;;}
;},;
;{;
;;"""issi"": 52448,"
;;"""fuente"": ""municipalidad"","
;;"""informacion"": {"
;;"""unidad"": ""ORION-53"","
;;"""placa"": ""EUI-480"""
;;}
;},;
;{;
;;"""issi"": 52449,"
;;"""fuente"": ""municipalidad"","
;;"""informacion"": {"
;;"""unidad"": ""ORION-71"","
;;"""placa"": ""EUI-489"""
;;}
;},;
;{;
;;"""issi"": 52450,"
;;"""fuente"": ""municipalidad"","
;;"""informacion"": {"
;;"""unidad"": ""ORION-81"","
;;"""placa"": ""EUI-536"""
;;}
;},;
;{;
;;"""issi"": 52458,"
;;"""fuente"": ""municipalidad"","
;;"""informacion"": {}"
;},;
;{;
;;"""issi"": 52459,"
;;"""fuente"": ""municipalidad"","
;;"""informacion"": {}"
;},;
;{;
;;"""issi"": 52460,"
;;"""fuente"": ""municipalidad"","
;;"""informacion"": {}"
;},;
;{;
;;"""issi"": 52461,"
;;"""fuente"": ""municipalidad"","
;;"""informacion"": {}"
;},;
;{;
;;"""issi"": 52462,"
;;"""fuente"": ""municipalidad"","
;;"""informacion"": {}"
;},;
;{;
;;"""issi"": 52463,"
;;"""fuente"": ""municipalidad"","
;;"""informacion"": {}"
;},;
;{;
;;"""issi"": 52464,"
;;"""fuente"": ""municipalidad"","
;;"""informacion"": {}"
;},;
;{;
;;"""issi"": 52465,"
;;"""fuente"": ""municipalidad"","
;;"""informacion"": {}"
;},;
;{;
;;"""issi"": 52466,"
;;"""fuente"": ""municipalidad"","
;;"""informacion"": {}"
;},;
;{;
;;"""issi"": 52467,"
;;"""fuente"": ""municipalidad"","
;;"""informacion"": {}"
;},;
;{;
;;"""issi"": 52468,"
;;"""fuente"": ""municipalidad"","
;;"""informacion"": {}"
;},;
;{;
;;"""issi"": 52469,"
;;"""fuente"": ""municipalidad"","
;;"""informacion"": {}"
;},;
;{;
;;"""issi"": 52470,"
;;"""fuente"": ""municipalidad"","
;;"""informacion"": {}"
;},;
;{;
;;"""issi"": 52472,"
;;"""fuente"": ""municipalidad"","
;;"""informacion"": {}"
;},;
;{;
;;"""issi"": 52473,"
;;"""fuente"": ""municipalidad"","
;;"""informacion"": {}"
;},;
;{;
;;"""issi"": 52474,"
;;"""fuente"": ""municipalidad"","
;;"""informacion"": {}"
;},;
;{;
;;"""issi"": 52475,"
;;"""fuente"": ""municipalidad"","
;;"""informacion"": {}"
;},;
;{;
;;"""issi"": 52476,"
;;"""fuente"": ""municipalidad"","
;;"""informacion"": {}"
;},;
;{;
;;"""issi"": 52477,"
;;"""fuente"": ""municipalidad"","
;;"""informacion"": {}"
;},;
;{;
;;"""issi"": 52478,"
;;"""fuente"": ""municipalidad"","
;;"""informacion"": {"
;;"""unidad"": ""ORION-20"","
;;"""placa"": ""EUI-372"""
;;}
;},;
;{;
;;"""issi"": 52479,"
;;"""fuente"": ""municipalidad"","
;;"""informacion"": {"
;;"""unidad"": ""ORION-21"","
;;"""placa"": ""EUI-372"""
;;}
;},;
;{;
;;"""issi"": 52480,"
;;"""fuente"": ""municipalidad"","
;;"""informacion"": {"
;;"""unidad"": ""ORION-22"","
;;"""placa"": ""EUI-383"""
;;}
;},;
;{;
;;"""issi"": 52481,"
;;"""fuente"": ""municipalidad"","
;;"""informacion"": {"
;;"""unidad"": ""ORION-23"","
;;"""placa"": ""EUI-379"""
;;}
;},;
;{;
;;"""issi"": 52482,"
;;"""fuente"": ""municipalidad"","
;;"""informacion"": {"
;;"""unidad"": ""ORION-24"","
;;"""placa"": ""EUI-381"""
;;}
;},;
;{;
;;"""issi"": 52483,"
;;"""fuente"": ""municipalidad"","
;;"""informacion"": {"
;;"""unidad"": ""ORION-25"","
;;"""placa"": ""EUI-371"""
;;}
;},;
;{;
;;"""issi"": 52484,"
;;"""fuente"": ""municipalidad"","
;;"""informacion"": {"
;;"""unidad"": ""ORION-26"","
;;"""placa"": ""EUI-382"""
;;}
;},;
;{;
;;"""issi"": 52485,"
;;"""fuente"": ""municipalidad"","
;;"""informacion"": {"
;;"""unidad"": ""ORION-27"","
;;"""placa"": ""EUI-367"""
;;}
;},;
;{;
;;"""issi"": 52486,"
;;"""fuente"": ""municipalidad"","
;;"""informacion"": {"
;;"""unidad"": ""ORION-28"","
;;"""placa"": ""EUI-376"""
;;}
;},;
;{;
;;"""issi"": 52487,"
;;"""fuente"": ""municipalidad"","
;;"""informacion"": {"
;;"""unidad"": ""ORION-29"","
;;"""placa"": ""EUI-386"""
;;}
;},;
;{;
;;"""issi"": 52488,"
;;"""fuente"": ""municipalidad"","
;;"""informacion"": {"
;;"""unidad"": ""ORION-30"","
;;"""placa"": ""EUI-365"""
;;}
;},;
;{;
;;"""issi"": 52489,"
;;"""fuente"": ""municipalidad"","
;;"""informacion"": {"
;;"""unidad"": ""ORION-31"","
;;"""placa"": ""EUI-361"""
;;}
;},;
;{;
;;"""issi"": 52490,"
;;"""fuente"": ""municipalidad"","
;;"""informacion"": {"
;;"""unidad"": ""ORION-32"","
;;"""placa"": ""EUI-373"""
;;}
;},;
;{;
;;"""issi"": 52491,"
;;"""fuente"": ""municipalidad"","
;;"""informacion"": {"
;;"""unidad"": ""ORION-33"","
;;"""placa"": ""EUI-389"""
;;}
;},;
;{;
;;"""issi"": 52492,"
;;"""fuente"": ""municipalidad"","
;;"""informacion"": {"
;;"""unidad"": ""ORION-34"","
;;"""placa"": ""EUI-359"""
;;}
;},;
;{;
;;"""issi"": 52493,"
;;"""fuente"": ""municipalidad"","
;;"""informacion"": {"
;;"""unidad"": ""ORION-35"","
;;"""placa"": ""EUI-360"""
;;}
;},;
;{;
;;"""issi"": 52494,"
;;"""fuente"": ""municipalidad"","
;;"""informacion"": {"
;;"""unidad"": ""ORION-36"","
;;"""placa"": ""EUI-368"""
;;}
;},;
;{;
;;"""issi"": 52495,"
;;"""fuente"": ""municipalidad"","
;;"""informacion"": {"
;;"""unidad"": ""ORION-37"","
;;"""placa"": ""EUI-369"""
;;}
;},;
;{;
;;"""issi"": 52496,"
;;"""fuente"": ""municipalidad"","
;;"""informacion"": {}"
;},;
;{;
;;"""issi"": 52497,"
;;"""fuente"": ""municipalidad"","
;;"""informacion"": {"
;;"""unidad"": ""ORION-39"","
;;"""placa"": ""EUI-384"""
;;}
;},;
;{;
;;"""issi"": 52498,"
;;"""fuente"": ""municipalidad"","
;;"""informacion"": {"
;;"""unidad"": ""ORION-40"","
;;"""placa"": ""EUI-377"""
;;}
;},;
;{;
;;"""issi"": 52499,"
;;"""fuente"": ""municipalidad"","
;;"""informacion"": {"
;;"""unidad"": ""ORION-41"","
;;"""placa"": ""EUI-370"""
;;}
;},;
;{;
;;"""issi"": 52500,"
;;"""fuente"": ""municipalidad"","
;;"""informacion"": {"
;;"""unidad"": ""ORION-42"","
;;"""placa"": ""EUI-363"""
;;}
;},;
;{;
;;"""issi"": 60000,"
;;"""fuente"": ""municipalidad"","
;;"""informacion"": {}"
;},;
;{;
;;"""issi"": 60001,"
;;"""fuente"": ""municipalidad"","
;;"""informacion"": {"
;;"""unidad"": ""ORION-44"","
;;"""placa"": ""EUI-388"""
;;}
;},;
;{;
;;"""issi"": 60002,"
;;"""fuente"": ""municipalidad"","
;;"""informacion"": {"
;;"""unidad"": ""ORION-45"","
;;"""placa"": ""EUI-366"""
;;}
;},;
;{;
;;"""issi"": 60003,"
;;"""fuente"": ""municipalidad"","
;;"""informacion"": {"
;;"""unidad"": ""ORION-46"","
;;"""placa"": ""EUI-357"""
;;}
;},;
;{;
;;"""issi"": 60004,"
;;"""fuente"": ""municipalidad"","
;;"""informacion"": {"
;;"""unidad"": ""ORION-47"","
;;"""placa"": ""EUI-374"""
;;}
;},;
;{;
;;"""issi"": 60005,"
;;"""fuente"": ""municipalidad"","
;;"""informacion"": {"
;;"""unidad"": ""ORION-48"","
;;"""placa"": ""EUI-362"""
;;}
;},;
;{;
;;"""issi"": 60006,"
;;"""fuente"": ""municipalidad"","
;;"""informacion"": {"
;;"""unidad"": ""ORION-49"","
;;"""placa"": ""EUI-387"""
;;}
;};
];;
